uuid,n_paths,n_reads,first_ts_iso
00e3b756-6d28-40a4-97fb-0327e2ca15f3,0,0,2026-08-30T18:54:43.778Z
01e268e6-b99f-4d90-b192-667992d574b7,0,0,2026-08-21T23:07:04.111Z
02916586-2a93-45cb-b397-e91f985e52f6,2,0,2026-09-12T21:46:21.782Z
032ac214-c4ac-4b5e-86b5-87982f132965,0,0,2026-08-21T21:42:30.591Z
05c95d34-0b28-4dae-8a1c-40ff236e281d,0,0,2026-09-02T22:37:09.643Z
06990c89-10f1-4df6-b44c-6299646b3891,0,0,2026-09-06T17:38:06.713Z
06a8c5ee-cd3f-4e43-be56-bc000ce77807,0,0,2026-08-19T22:10:06.475Z
06d3d0c0-ef39-4291-a3bc-b19b8eeb42ac,0,0,2026-08-21T22:10:04.707Z
0947a960-6d42-4c99-8b7c-5a0df6a32ac3,0,0,2026-08-21T23:46:26.500Z
0af63a3c-1a5e-4d85-a100-0425b82a9a98,2,2,2026-09-19T18:57:34.268Z
0cdb67f2-b71b-4cc3-b158-c6db05c7dff9,0,0,2026-08-22T00:05:08.890Z
0e54e7bf-4e3e-4800-b4ea-04f12fc15440,6,7,2026-09-02T22:45:43.073Z
0e7258b7-8ba9-4620-acc0-dd57f775a1f5,0,0,2026-08-24T00:55:33.096Z
0f1966f1-84e5-40ba-bafd-484b9f749388,0,0,2026-09-06T17:29:03.295Z
10e941dd-6bd7-4ccd-94f4-0f7102534336,0,0,2026-08-21T21:30:44.718Z
17057ddc-a421-4a4b-a456-72f5ba856f5d,0,0,2026-08-30T19:27:50.778Z
1a6a33d2-95ab-45d0-b95a-09f5f05fa2e1,0,0,2026-08-29T23:22:17.537Z
1a89fdc5-b4c3-4d01-a9a4-91048d822fae,0,0,2026-09-01T23:46:19.649Z
1d45643b-f336-4e9b-8f69-dab99de4c1bf,2,0,2026-09-19T14:56:34.958Z
1e420fff-717d-4724-8fb9-fccd86cb9f0b,0,0,2026-08-19T00:54:49.474Z
1f1b7734-1543-4d63-b848-850b4911495e,0,0,2026-09-02T22:58:24.865Z
1f45dbf1-6e0a-4537-ae86-c6c06024e0f7,0,0,2026-08-21T23:43:25.425Z
20a1f102-30b9-44e2-98ec-ae70233c6bcd,0,0,2026-08-19T21:45:27.464Z
21d03370-da64-480e-9373-d0f88fbe5277,0,0,2026-09-20T15:29:09.162Z
22984eb4-1779-45ac-a179-4ab1aa246bb8,4,8,2026-09-17T23:13:47.711Z
235e9f8d-83b9-4ee3-a703-d19d636dadad,0,0,2026-09-06T17:29:41.607Z
25665ca6-e254-4ec9-aea4-a8217955328d,0,0,2026-09-02T22:42:31.024Z
259e7108-c993-417d-809d-f841cd6155c9,0,0,2026-08-31T00:20:53.207Z
25caa0a0-f0fa-4dab-914c-e178809c5b34,0,0,2026-08-19T19:50:53.575Z
27e55b69-af50-4b4a-bcd1-3bcb3d420858,0,0,2026-09-02T22:03:58.574Z
2826ba22-9488-4ae5-b463-2bd02a275265,0,0,2026-08-19T22:10:28.890Z
2b2aa06a-d078-4464-accd-b2f324ddee51,0,0,2026-08-21T21:24:54.495Z
2c60f1d1-155b-40c6-93db-89e916cce48f,0,0,2026-08-22T14:03:51.920Z
2ccc2c81-fad2-4525-82fc-76fc196d8035,0,0,2026-09-12T21:58:28.360Z
2db662b3-7c1a-411d-92b4-51bd64b2b471,2,3,2026-08-23T21:57:11.621Z
2f1e6d07-04f4-476f-a233-9788971e428c,0,0,2026-08-21T23:56:19.439Z
2f97e709-2137-44e0-87ff-343f1756fb4c,0,0,2026-08-19T20:21:58.188Z
3015c7dc-3c36-4cf8-a5cd-571bad6cddf7,0,0,2026-08-29T23:19:13.558Z
30f5ba7f-64b0-49e6-8a23-4abc3e905f92,0,0,2026-08-19T19:44:43.282Z
3532f9fc-0904-4334-bf23-8b44218421f9,0,0,2026-09-17T22:07:56.687Z
358cf613-b67f-495e-83fa-634953f24f16,0,0,2026-09-17T22:26:12.688Z
363ccd78-1458-42cd-a7e6-426b01177eb5,0,0,2026-08-30T19:38:39.618Z
3696034f-d67b-4ccf-955f-9a734797d153,0,0,2026-08-21T23:07:52.292Z
37054a65-196d-44e6-b2a4-e8c6132b0e73,0,0,2026-09-04T20:39:57.778Z
37c1c9c4-7af0-4b46-abad-cc47725cd17f,0,0,2026-09-06T18:21:49.125Z
40c4a9b8-b103-42da-b576-0ffe6c051c4e,6,5,2026-08-22T19:41:07.759Z
42b93092-3c00-4d43-85a5-9abf5e0b132c,2,0,2026-08-23T19:49:58.595Z
43184c39-00cb-4abb-a1c7-80b80eb14bd1,0,0,2026-08-31T00:18:17.986Z
446536ee-f768-4755-9ccb-f418f5ee8104,0,0,2026-08-30T21:38:46.475Z
456f5b00-255e-4439-b775-209b2ff08100,0,0,2026-08-21T21:27:00.013Z
4751fe80-6fef-4269-92b4-ea76f36ea3af,0,0,2026-09-04T20:05:12.021Z
4a011ef6-188e-4e41-8fe2-0e424c5ea5d4,0,0,2026-08-21T22:49:58.001Z
4b4ea9a9-beb3-4a24-841b-5948b63b92ff,5,14,2026-09-04T23:46:33.351Z
4b94baa5-9f44-4efb-aab9-606648304e0a,1,0,2026-08-23T21:26:57.043Z
4ba0c0e7-bf7c-4744-94bd-add5b5a20878,6,8,2026-09-18T18:55:26.765Z
4bcc372d-1ca9-4b23-8f31-c9963b32b3c4,7,18,2026-09-18T22:17:54.234Z
4cfc8105-a7b6-48fd-ac0b-12d5978d5396,1,1,2026-08-30T01:55:12.176Z
4e94b8e2-9dda-47fa-9517-fa24c310196b,0,0,2026-09-02T22:40:20.750Z
4f208ec8-efa4-40e6-910c-53385978ad3a,11,12,2026-08-23T16:18:12.317Z
505aceb5-00e2-4dec-9755-40b76af12880,0,0,2026-09-04T21:53:07.604Z
527ff322-9c16-432d-b377-0bef48693e20,0,0,2026-09-04T00:01:51.464Z
528ba60c-6452-490f-aa70-c3cd751836a4,0,0,2026-08-19T20:05:15.841Z
53193da5-2b9f-452a-a557-b4b0ed3a3dfe,0,0,2026-09-18T20:15:35.538Z
5457abbd-74d6-4949-a461-a6981ad50d4c,0,0,2026-09-17T23:21:01.631Z
5539bf89-e59c-4e37-92c8-a3181269c8ad,6,6,2026-08-23T21:05:47.366Z
557eaa95-3204-494d-ab3f-2ff387c86e5c,1,1,2026-09-20T00:45:45.280Z
574d27d8-1ff3-41a8-b2b6-4b5c7c4d2abc,1,1,2026-09-01T23:28:59.651Z
57d9d488-beed-4237-b3cb-af3d078bb34d,2,2,2026-09-19T15:18:16.106Z
59310d03-f668-461f-ae60-d319e74de820,2,2,2026-09-20T16:01:19.823Z
5b2caf8f-2801-4108-afce-999f372517a6,0,0,2026-09-17T22:19:10.691Z
60ebe272-351b-419a-9b35-a833c1ec36a5,0,0,2026-08-19T19:54:33.741Z
621406b3-39db-4b2d-894d-6ec9ec475b12,0,0,2026-08-21T23:07:52.294Z
645ee3eb-2fa5-4ecd-b976-a206351e8a19,0,0,2026-09-17T22:08:54.546Z
6619ff5a-c72c-472a-8ceb-fe55aa00bd08,0,0,2026-08-21T22:01:21.269Z
66207706-103d-4716-8605-26aefb01c335,0,0,2026-09-04T00:59:39.470Z
6917975b-9b61-4930-940a-f82e62d42414,0,3,2026-09-02T23:51:41.433Z
6a551197-bb7d-4696-9e57-b779dd6e3f1c,0,0,2026-09-18T18:51:57.499Z
6efbac01-0e49-4ee6-bb3f-3841e8acf7c2,0,0,2026-09-04T21:56:09.882Z
6f94755c-55cd-4ae2-97f4-8895a7eab57d,0,0,2026-08-21T21:37:58.338Z
6fc2ec3e-69f2-4d06-ad18-97067528fcbb,0,0,2026-08-19T20:24:20.513Z
734d03f3-ebf7-4812-a6bc-7aa7076fbd2d,0,0,2026-09-06T18:15:51.816Z
74bd2620-7c51-474b-8a9d-e1c11064bc0f,0,0,2026-08-22T15:34:54.687Z
769427df-7fa1-4431-b6d8-95479125d7d0,1,1,2026-09-03T23:46:29.617Z
77c72c80-00cd-4d6d-b6bd-53c6bea41922,0,0,2026-09-01T23:27:23.451Z
79bb9b99-04ac-448b-b9ad-26c9c5f849a6,1,1,2026-08-22T14:34:00.803Z
7a77964b-365c-46be-a5d5-0194c1c4b311,0,0,2026-08-22T15:41:43.169Z
7aefbabf-5975-43c0-a6ef-dd6162e8c8d2,0,0,2026-08-28T23:22:39.879Z
7bae77bb-3c0e-4c05-96ba-4b1209d66c8b,3,2,2026-09-19T14:11:09.328Z
7ce22256-b88c-4c36-afb2-3e4eb4dc067b,8,8,2026-08-23T15:14:38.038Z
7e128ce3-2160-4bfc-a4d4-95900b3ea7cd,1,0,2026-09-18T18:50:29.208Z
8011dfd1-66f7-4126-86e4-02e35234af07,0,0,2026-09-18T18:48:02.708Z
81684f41-bdef-40d0-8703-1c8125bf7837,1,3,2026-09-20T16:03:37.587Z
82109703-e16f-4420-9db7-4065c984338e,0,0,2026-08-19T22:09:51.154Z
82738181-1ed8-4c85-8d90-e075b2781d69,0,0,2026-08-20T23:19:38.324Z
83065097-f116-43fa-93a0-bcaaccbcfc66,0,0,2026-09-06T18:24:12.713Z
8449232f-54a1-4646-bd43-6e19bef308a4,0,0,2026-08-19T21:41:20.566Z
85c2ab22-dcdb-4945-bfab-464310e63791,0,0,2026-09-04T21:54:31.063Z
85c826e4-e999-403d-8077-35a068f3719c,0,0,2026-08-20T23:34:22.826Z
878c34bb-316b-47d5-bc56-a342248d09f7,0,0,2026-08-19T20:10:08.421Z
87c9c6a5-3262-49e1-9685-29214b3beea9,1,1,2026-08-19T22:41:04.893Z
89f153b0-3227-491c-95bc-a3566c93d8fb,0,0,2026-09-02T23:56:06.809Z
8bcbeaa9-7894-4b4e-acd1-a617e93494a9,0,0,2026-08-30T01:59:01.434Z
8c63ac15-deff-446e-a7bd-168262aabb9f,0,0,2026-09-06T18:36:41.299Z
8d50227c-3260-44c3-8074-bfc6879b3d70,0,0,2026-09-17T22:23:09.268Z
8f3c44b2-7909-41ec-adb7-1452cd93029f,0,0,2026-08-20T22:39:27.972Z
90b3b221-7c8d-445a-ae9e-320b02397235,2,2,2026-08-21T23:04:50.879Z
90d66f64-c29a-4faf-9ab1-7802980b3c3f,0,0,2026-08-21T22:50:51.677Z
9158f65f-70c9-4462-a68e-6183defa47eb,1,1,2026-08-30T19:23:29.888Z
93645130-6cc5-47bc-a78a-03945ea5f05e,1,7,2026-09-02T22:32:09.376Z
94078a4b-3145-4c61-b055-b24494df9007,0,0,2026-09-17T22:31:46.784Z
944f0a48-5476-4229-88fa-38c14a2e2ae3,0,0,2026-08-19T20:14:52.897Z
94e8ba43-a9c0-4cf1-8954-c721af485842,0,0,2026-08-22T14:31:05.740Z
960c2dbf-428a-4ade-8f18-dfab33a44f7e,7,6,2026-08-30T15:17:12.862Z
980efcdd-873f-4534-b909-c6e5725f528a,0,0,2026-08-22T14:32:22.634Z
98511f1b-4bcc-45d7-8e9c-d26b639d687a,0,0,2026-08-22T23:17:07.817Z
9902f5e4-2bff-4798-9f30-16131308c3b2,5,14,2026-08-23T22:49:12.840Z
9b46292f-5a33-48d5-bb3e-ebad55f2ac79,8,89,2026-09-19T19:30:50.408Z
9b4eb3e3-bfe6-452c-83d7-877c97c2c5e7,0,0,2026-08-21T22:47:41.227Z
9b86d89d-83e0-477c-ac5c-e6376cf9f22e,0,0,2026-08-21T22:04:33.514Z
9c93a1ca-edc3-4850-9f3e-79e6bf010e7a,2,1,2026-08-30T01:44:37.277Z
9e3d494d-c3a6-4cff-90b2-e827c35564cd,0,0,2026-08-22T14:55:24.750Z
9ff74c9b-85d3-479b-af23-7ac0e0dc64d0,0,0,2026-08-20T22:33:21.579Z
a1f6d183-2067-4623-b281-2854e4028d5e,0,0,2026-08-21T21:25:46.783Z
a229e205-a6b8-462e-9a3c-eb03d465dbb9,0,0,2026-08-22T14:17:51.459Z
a2c2fa1b-5eeb-4a99-89a0-827401b2937f,4,0,2026-08-22T22:31:00.403Z
a3550fac-7a9c-4315-bd78-1819e2cbe480,0,0,2026-08-19T22:03:09.920Z
a5ca3e46-5cdb-47ec-9d60-a4d101bf79ec,0,0,2026-08-21T23:19:24.520Z
a64ab3b1-1a1a-4afc-88cb-e298228fe8c1,0,0,2026-08-19T21:48:18.596Z
a7d452b8-8c79-47ad-b52d-dc82d1deeea1,0,0,2026-09-04T19:54:35.139Z
ad56f482-dee1-4097-a8c0-147a0cda05bc,0,0,2026-08-22T14:47:58.183Z
adace016-7ab1-45ff-998a-e4fa53408d0b,0,0,2026-08-21T22:59:46.856Z
ae7fac63-bce7-4e6f-811c-4951b4d13910,0,0,2026-09-01T23:21:14.707Z
afc6e887-21fc-4d0b-be61-1dc97c5e4f32,1,1,2026-09-19T15:39:33.603Z
b1aa41de-cb54-43b4-ab36-5d3625a03995,0,0,2026-09-06T17:49:56.288Z
b35166c1-a8ea-437c-aac9-11ac557ea4ad,0,0,2026-09-17T22:34:25.260Z
b37184b5-55ea-418e-9d1d-21545014d4d6,0,0,2026-09-02T23:01:21.077Z
b3fc8714-3853-4e20-a8ad-1ba39299547e,0,0,2026-08-20T22:23:55.846Z
b6597692-75d9-4525-a684-1b77f912ce37,0,0,2026-08-21T21:36:31.358Z
b8c0ad1c-f3b3-4e4f-be3c-f9f96ea25c38,0,0,2026-09-18T18:42:15.682Z
b9716a57-e638-4a3f-9149-80d5caa38802,0,0,2026-09-04T00:18:59.024Z
b9fbfd1b-9629-4435-aeca-de1a756129b4,0,0,2026-08-21T21:44:00.866Z
bbb2ec54-010d-4ca7-8b87-0807bc61f12e,4,2,2026-08-22T19:20:28.078Z
be4c5fef-bff9-4412-810e-be23e3b4a27b,0,0,2026-09-06T17:21:31.991Z
c01ddea5-7ea6-4f98-ae7d-0cf5c0b5599e,0,0,2026-09-06T17:31:23.788Z
c033051a-2b95-4253-91ab-8805c6853aab,5,6,2026-08-23T20:38:24.520Z
c05b01f7-cf52-48e0-a02f-2cc5fde766eb,1,0,2026-08-30T22:00:45.346Z
c1e0a631-6e5f-499e-a6f9-2b043bda926e,1,5,2026-09-06T18:47:58.324Z
c1f97e8a-330d-4d19-904b-a456753a93dd,0,0,2026-08-20T23:33:13.677Z
c29a4ba3-fcf8-4649-b806-03f1f7a94a6f,0,0,2026-08-31T00:16:47.764Z
c37970e1-ebbc-4cc6-ba46-466c3a84daff,0,0,2026-08-21T22:17:17.382Z
c412857a-9984-44a2-a865-dae3d37069a8,0,0,2026-08-21T23:10:18.127Z
c46df038-0301-4f01-be25-35e43b9eadcd,0,3,2026-09-02T23:54:32.883Z
c5fa4787-6775-45ab-b934-8fa8645015c8,0,0,2026-09-17T23:40:30.526Z
c6771188-d34a-4cc3-af42-76f611a031d5,1,0,2026-09-19T18:11:48.102Z
c9bd3a15-606e-4798-9a53-e669b62e5e7f,15,2,2026-08-30T22:32:35.652Z
ca8979f0-eb14-451c-b326-6996abacaa93,1,6,2026-09-20T01:06:16.934Z
cc991b84-204b-486f-b945-55a98e9110d0,1,0,2026-09-19T00:43:24.027Z
cd3714b8-eb7d-4ceb-9960-2d2676f99128,0,0,2026-08-19T20:17:19.067Z
cd773301-8a30-4620-bc23-d11d6aadd171,1,0,2026-09-18T18:49:21.489Z
cf893a7d-1b1d-4f4b-b833-d33d87a55298,0,0,2026-09-19T18:50:25.044Z
d1a41143-5d7f-440e-bc86-e43407ad0e28,2,4,2026-08-23T22:29:07.161Z
d318df96-d9e5-4e0e-8905-d29f2c3f4d82,0,0,2026-09-04T21:55:22.313Z
d37d0f63-bcd7-4e1f-8264-960e2494f3c3,0,0,2026-09-06T18:11:30.380Z
d3abf75a-2c26-4a55-8794-f8370010d4b6,8,7,2026-08-30T14:13:27.066Z
d4282521-99a9-4c94-b8e4-155697195121,0,0,2026-08-19T19:59:34.985Z
d5302c73-4e78-49f9-8eb9-8eac480f6ca2,0,0,2026-08-21T21:46:42.239Z
d653a391-c22c-4a13-84a9-40d6e01c1ea0,0,0,2026-08-19T20:23:23.910Z
d960942b-804e-4a35-845c-70b9e855b1e8,0,0,2026-08-21T21:55:43.050Z
d9a9c623-676b-4ec7-b1f4-86f8baee36e2,0,0,2026-08-28T23:38:34.038Z
da4ab641-8888-41bb-9b8d-29e2c2062639,0,0,2026-08-21T21:59:03.492Z
dbc7e63a-f2b9-4d30-bf2f-aba83e5ba6f8,0,0,2026-08-31T00:11:56.131Z
dbf08eb9-ebde-4ab4-add4-1413af0dce60,0,0,2026-08-21T23:02:32.908Z
dceef225-d947-42c3-9dff-d202e74e4370,0,0,2026-08-21T23:07:52.293Z
dd740a3f-875f-4863-ac2a-0d63f747e3c5,1,10,2026-09-03T00:00:04.344Z
e2053b00-cd09-4b54-9876-fe36d69d4b5b,0,0,2026-09-04T23:11:40.586Z
e2b21469-dfb9-471a-86e2-66b95f5ac7d3,24,14,2026-08-22T23:17:30.287Z
e2f47f77-69cf-4bcc-b03e-92aee52002ed,0,0,2026-09-01T23:35:02.139Z
e3f62069-37b4-4e73-b0c4-0e31caea7318,0,0,2026-08-21T21:21:11.651Z
e52d9ac2-f40b-40f6-8194-e16a9ad8646a,1,0,2026-08-30T19:47:42.230Z
e64f203e-4494-4749-99e3-bb9423374517,0,0,2026-08-28T23:31:21.676Z
e6911e39-bd06-4fb5-ae6c-7dcd463fb35a,5,4,2026-08-30T15:51:47.218Z
e7e6ba6b-14d0-45df-a870-da2a7bca55c6,3,2,2026-09-19T18:24:05.169Z
e965814c-79ce-4738-a130-3ea4b2a106d7,0,0,2026-09-20T16:11:08.543Z
ec778e9c-58bb-474a-b565-4618acf6a83f,0,0,2026-09-02T23:08:17.720Z
ecd8268a-e1d1-430d-a2bc-897055f04347,2,13,2026-09-02T23:40:21.039Z
eec9f4c9-99f8-45e6-a533-e180bf82a9bc,1,1,2026-08-30T02:04:35.747Z
f03f38b2-455b-4104-bff6-16fbbcb935b6,0,0,2026-08-28T23:56:20.488Z
f1cf76e5-234a-4a7f-bf2e-edba25c72b44,0,0,2026-08-19T22:37:34.462Z
f45f0936-a17f-4e58-88c2-f25b1e46abae,0,0,2026-08-30T22:35:17.586Z
f4b72f93-fff7-4d3b-b2a0-0a96f70164c7,0,0,2026-09-19T00:43:01.041Z
f5320ff1-be05-45fb-9953-33af6db18268,2,3,2026-08-22T15:06:37.183Z
f59c4ea5-f08a-4968-838d-ba2d50e35480,0,0,2026-08-20T22:45:09.726Z
f85bd3f8-e421-4fdf-bbff-51f1209b0c58,0,0,2026-08-20T23:00:54.430Z
f8f90137-b7ea-4284-8def-8ecf7f628729,0,0,2026-09-17T22:52:35.612Z
f90c794a-f384-4cac-b5d0-a9b9146f1d11,3,7,2026-09-18T20:16:46.332Z
fae09fbf-c8d7-4760-af42-e0b17638e151,5,0,2026-08-29T23:24:47.103Z
fb0d9da8-6ad3-4448-9099-8a848bfe89d5,0,0,2026-08-19T20:29:13.477Z
fb5923d8-541f-45e7-a20f-2f62269fc77c,5,58,2026-09-20T13:53:05.895Z
fc9c6b67-a196-4ad2-bf38-48f904782745,1,0,2026-09-04T22:02:47.303Z
fccb294e-d2f0-4bbe-8439-637f03aa087c,0,0,2026-09-04T00:54:34.986Z
fe040eb3-61de-411f-aa1f-bb861931e651,0,0,2026-08-30T15:45:54.415Z
ffddca85-dcdc-4779-b53a-40e38a40f1d4,0,0,2026-09-02T22:57:12.049Z
ffe27f8b-9ede-4164-960e-f89e82115e96,0,0,2026-08-21T23:12:43.167Z
