uuid,compaction_seq,n_spans,shadowedTokenCount,retained_actual,gen_cost,net_actual,net_reference
03b48088-ae02-47df-81f1-a98bd1636ded,21296,7,5552,1571.2,2146,3981,5412
0458f458-ca43-4c3b-8667-bbdf39accae3,16772,7,8197,1621.8,4686,6575,8057
05238357-f8b7-48fa-af93-b82e9d02f1f6,51728,7,5687,2693.5,7169,2993,5547
055621fc-2608-4913-ab6a-c4c71d750b13,19643,1,2584,2338.8,3128,245,2564
05f133ec-cb7d-404b-862d-b8ef11617204,208,21,10990,3981.5,5635,7008,10570
06106fe2-94ee-4fce-8195-93c4e72f076e,80,18,3451,1202.2,2700,2249,3091
0635ea9e-dc67-4d8f-a47b-fd00fdb0b09c,23371,26,8575,1969.0,3804,6606,8055
07fde866-1e6d-409a-84b1-6357b17df982,189,1,2299,2189.0,2740,110,2279
08044ce5-e21d-48a7-9655-35c67c424ea0,69918,22,10497,1844.8,2810,8652,10057
08521334-06c0-4355-9083-f7e495f063b3,29564,4,4173,694.0,1286,3479,4093
08cc0b16-1152-4bd3-8e68-a411573d75c1,235,15,13322,4488.5,5064,8834,13022
0bf1f963-9727-4c74-ac64-44a231052aa2,104583,14,6357,1832.2,4845,4525,6077
0cd867c6-3183-4deb-8ec8-3c02a7d98d4e,28058,15,12377,2698.0,4056,9679,12077
0d34837e-4966-4d0c-9a3f-1904a5b2fc79,45432,6,7272,3590.0,6979,3682,7152
0d9c6025-914f-4353-9c8d-626ac52564b5,171,18,10619,2840.8,4188,7778,10259
0de6bb46-c5e0-4521-b69c-ff2cd23de0c2,93101,17,6538,3076.8,5949,3461,6198
102f7d84-be40-428e-8d36-3d8327d2ecde,20272,6,4880,1727.8,2225,3152,4760
10ce7528-a23e-4aa7-a3ec-8af8d63eaecb,33504,7,8744,2290.0,3848,6454,8604
120fced2-0c0d-4a0f-8624-67b00037fa45,173,7,6782,3447.2,4653,3335,6642
1225d479-cf17-492d-93a8-b891b5a72608,5788,1,778,627.8,955,150,758
12caa9ae-afa3-474c-8180-f05b255e727d,36587,3,4929,2884.5,4064,2045,4869
136a3b18-fdc6-43f4-b930-3bc118d235d3,4824,13,6435,1591.2,2747,4844,6175
13fec031-b039-46c1-be70-a4fb0e828ea2,38854,15,9585,1064.8,7250,8520,9285
15358f54-bef5-4426-9ea7-e3723f853edb,6075,12,3564,1135.2,2420,2429,3324
186d6112-2876-4baf-bcc5-f17829dde369,5309,3,5592,1224.5,1497,4368,5532
1c471d05-467c-4f96-9da2-a1d22f4a3f8e,50504,15,6820,1031.8,1439,5788,6520
1cad734a-9a7a-41e1-b456-1c0b3772bdb7,28811,12,4677,2381.0,6246,2296,4437
1e9fdb05-7f9c-4db7-bbe5-6a63b66808aa,102,7,4740,1428.8,1668,3311,4600
20df22a5-266a-4a7b-8960-2892d000c3d4,10763,12,9772,1809.8,3533,7962,9532
222bc57b-38a8-4c8d-a178-316bb76b42d5,155,9,5012,2923.8,4487,2088,4832
23346ab9-1791-49ae-9083-6a4fd2313bd8,648,10,12193,3042.5,7742,9151,11993
247a7f35-b5e3-467b-a786-2cc90cd1494b,55216,9,5837,2901.2,3834,2936,5657
24d3e9ea-5ab9-4d5f-b5d3-2f074d724769,84042,7,8504,2678.5,3908,5826,8364
25c9a5d9-c07d-4bd7-9f4a-a16a4a93f620,220,5,4253,1748.2,2997,2505,4153
26239bd6-6ca6-4f75-bd25-8423f31fddda,271,3,3777,1945.0,2712,1832,3717
2625e5e3-c53f-41c3-bf4d-368694149e86,6309,5,4638,692.5,3223,3946,4538
283044f5-a0dc-438f-9395-6c6aa9503c61,31486,24,8268,2440.2,4558,5828,7788
2a337d93-b869-4b40-b601-9c672e456cfd,209,1,2380,2027.5,2521,352,2360
2a59e54d-87fb-4723-a52a-6aa73ec31b80,4910,13,6938,1202.8,2297,5735,6678
2cc3ea3d-4508-45be-9fa3-2810ca9b04e1,68884,19,7061,3085.0,5677,3976,6681
2ced20d8-7c84-454f-97ed-babd58b49c85,18358,3,5022,2438.2,3445,2584,4962
2d3fc95e-3009-4e82-bed1-b1d950ca8176,5674,27,9498,628.0,852,8870,8958
30fcf0c6-83c6-458f-a6a9-b330a43ae536,27107,1,2538,2375.5,3507,162,2518
3204be9b-85b3-4bc3-9b0e-2faaad52e01c,70753,6,6317,3438.0,8064,2879,6197
33537b0d-0dbe-45a1-8f6c-6c150eff4c0a,11548,4,4961,2042.2,3493,2919,4881
3356bd32-0e4a-496c-9dd0-e1cd1fcdba91,18161,1,1989,1838.8,2805,150,1969
336d1c2c-94bf-4158-b593-4cf575c3e942,9099,20,8445,2053.2,6310,6392,8045
345efcb7-97b7-4d9b-8b17-84b9dd297093,30445,8,11511,1471.5,2098,10039,11351
35fa6af3-eeb3-461a-9757-de70bddb8f9c,7841,10,6297,2142.8,4970,4154,6097
37694406-bc56-4b14-aedf-7167f5856674,93552,8,11122,1496.2,2336,9626,10962
3939ba26-ff3a-427e-8fc4-116207892598,200,5,6838,2462.2,3307,4376,6738
3a2707fe-2b32-4c3b-beb7-640c62c7d719,14429,7,6136,2148.0,3676,3988,5996
3a7d56f5-f3cb-4aaa-96ff-4becd98221e9,49729,1,2153,1994.0,2662,159,2133
3a9c74fd-a79f-44c9-9998-fc1c8fbf2b92,415,11,5389,3378.5,5694,2011,5169
3c886e40-8a57-43d5-a76f-4dd0290ee4f2,42130,11,6436,1243.2,5024,5193,6216
3cdd118e-4ecc-4804-b96b-c4024f0c66fc,564,15,9487,2991.5,6145,6495,9187
3d8d402b-d4a2-4a55-b6a8-0c3f455c0239,10812,31,10865,1001.0,1700,9864,10245
3f59fefb-24bb-446c-978c-13d016244978,254,1,3302,3034.2,4051,268,3282
400b8f15-5d23-4ff6-bbf9-b7e176029a1c,625,14,6805,2017.2,2617,4788,6525
40e548f8-aa61-4cbc-96f1-316994190bd7,505,22,10156,2960.8,5448,7195,9716
41b41d5f-0302-41a4-a7cc-ec35123c6b3a,108,18,7904,1452.5,2802,6452,7544
42588ed5-c9e3-4fcd-8d3f-3ee2341ec114,142,9,5124,1880.2,3489,3244,4944
428e90d9-6d0d-4e6c-b5bc-148b0f65c47b,36591,1,2987,2844.8,4420,142,2967
4320f8fd-22f7-44fa-a5c5-3cbb24a72182,516,4,4592,2818.0,5249,1774,4512
43648a4e-7f4a-4d94-8ed0-f6b9deb0cbef,28300,4,6535,3379.0,5533,3156,6455
4560f08e-fdb3-43bc-83f4-9703ca3b7174,36334,4,7577,2046.8,2829,5530,7497
46903b58-7af8-4cdb-a0e3-9ea9f1fa7815,20980,4,3258,2487.0,3362,771,3178
46dcb87f-9837-4896-b9c0-4565c8d72a4e,24257,4,3138,813.5,1981,2324,3058
476e969d-0cb9-473d-937f-3a17df8ee4ec,68,11,3923,1956.5,2246,1967,3703
47c1c93c-af7a-46a1-9238-4b7e087857f0,68964,16,5456,708.0,2214,4748,5136
480be5da-0bcd-4db8-8e2e-527ce808680c,25424,25,9452,901.2,1212,8551,8952
485bd02d-a4e8-406f-a9d9-a7c251310658,7438,7,3167,1442.5,2061,1725,3027
496daa4c-0399-4fa7-bb39-0dd422a5c159,38783,16,11741,1002.0,1874,10739,11421
49e31186-306e-4d3b-be27-63916843e11b,10849,13,9604,535.5,676,9068,9344
4a3e52e8-d163-4911-8760-f9b51e052a90,8647,7,6922,1563.8,3152,5358,6782
4d707fdd-27c1-44d0-93c4-69eaed8762bb,5763,16,6372,1550.0,3298,4822,6052
4db84720-f90e-408d-9a17-b62ec5abc8ce,709,11,6136,2162.2,2967,3974,5916
4e2389d0-2576-4b41-8f21-3de7bde244dc,12816,11,7459,965.2,4992,6494,7239
4fc22978-9aba-40d7-ada4-6ace36fb5b62,61457,30,10133,1873.0,2601,8260,9533
519e5f70-fd7b-4e95-9723-979eb8524fc4,19087,6,7785,2071.2,3114,5714,7665
53f358e3-44da-4899-b7a6-911d4e9376d5,33024,13,7965,1660.5,2294,6305,7705
53fe2d9a-3b13-4966-9065-3a33551a40e5,125542,11,10451,2930.8,7093,7520,10231
542cb548-f783-45b7-8982-73b0fbc45968,397,8,6166,2968.5,5197,3198,6006
55cce189-bbb0-461b-8f48-831cb44e74c0,33453,3,6296,1807.2,2639,4489,6236
565a4412-3a2f-420e-a005-a0ab92e6cb22,127,5,3609,1806.2,3187,1803,3509
56de08c8-5752-4602-89f8-a38c0dbbd2e9,108,27,8222,1910.0,3858,6312,7682
57640360-3e51-4abd-8a98-2b92141cee5f,23092,14,8424,2098.2,3834,6326,8144
577a9736-cd0e-46a0-8580-4c0acc2659ea,193,1,2291,2150.8,2729,140,2271
58550a6f-499f-48a8-b781-851af1ddcb0a,184,5,5449,3255.5,4209,2193,5349
591056bc-94b7-481e-a186-08d2618459f7,33608,30,11893,988.5,6801,10905,11293
5a81e600-55b4-42b5-9f75-91ef38aa06a1,28379,7,8624,2029.8,4959,6594,8484
5b68026c-00c4-443a-b0ea-c496a088fa2b,25276,5,5862,2505.8,4884,3356,5762
5c46b14b-0fde-4a66-899e-16c315dff802,89650,24,8707,2767.5,4247,5939,8227
5d9119f0-476f-40c5-9630-baab0d64a10f,121064,10,6101,3406.2,7667,2695,5901
5e256741-1e3f-4eb7-be1d-01ff7165137f,3000,12,7512,619.0,1158,6893,7272
5e38315b-39cd-420b-b8dd-5f6400d1a4ec,14927,14,8097,2552.2,3859,5545,7817
5f61823a-f262-4f0f-812c-4b1fc03498f3,34952,1,2880,2757.0,3958,123,2860
60ec7490-329b-4181-bf55-5c6a7168e4a9,8945,4,4708,1640.8,2086,3067,4628
61ef393c-4bf8-429f-8bd1-9717c6ac61eb,131752,6,8621,4069.2,7073,4552,8501
6401a8c1-695d-4815-854c-a5f4aa6ea997,61178,24,5424,658.2,1149,4766,4944
651669c7-b87c-4679-bca7-a3d1ee6d5bb9,98,7,5490,2077.5,3902,3412,5350
6567a1d5-7903-4bb0-91cb-86e4b9d65bb6,38939,14,5948,2334.0,6303,3614,5668
65c20124-850c-4154-a50f-5bb8ec0c1b4e,147915,3,7857,4044.2,6952,3813,7797
6637f4c4-0857-4046-865a-af5148b8e556,12392,7,7124,1647.2,3677,5477,6984
66df2bb9-85a0-4833-b5bd-b382d3ece585,113387,18,11178,1449.8,2142,9728,10818
68cfc8c8-7e3d-411b-8546-e2a209317ac7,6959,60,14563,1249.8,2834,13313,13363
69d0dda0-b628-4955-b758-46e3539c6825,44978,33,10424,1334.8,1955,9089,9764
6a3352f1-8609-4549-87d0-3d9d9b87440c,693,1,3255,3142.0,5643,113,3235
6a33c5e7-7eea-4765-a529-b2cd4e599c52,15350,12,8819,1684.2,5374,7135,8579
6a8d5318-3ca9-4bc1-baac-c29d1e5aa51b,25280,1,2608,2495.0,3487,113,2588
6bc0f148-a0b4-492c-bb10-fd83082228af,302,8,8107,2469.0,4022,5638,7947
6c64b29e-0076-47d7-bd9d-c884f672bca1,96,17,14494,824.5,836,13670,14154
6c64b29e-0076-47d7-bd9d-c884f672bca1,23472,17,14494,824.5,836,13670,14154
6c6d4062-a10f-46e8-9153-86d9e149272a,13156,17,7652,836.5,1827,6816,7312
70795dbf-96ae-4801-b36c-314197927ec6,49880,10,8564,3350.0,4998,5214,8364
7237ab42-7337-489d-a505-958aff7a4d97,7306,14,6065,1406.2,1664,4659,5785
74afa5b1-59d5-4eb3-ba88-52e7bb32187e,49703,5,5829,2781.5,5844,3047,5729
756118fe-d60f-4f93-9bd6-968b20489278,90383,9,7483,2853.2,4623,4630,7303
75ec0fd0-b3c2-4e09-be32-def8346d1ab8,100824,9,7787,1728.5,2876,6059,7607
76d958b3-e227-4301-ae2c-8d1732490e8d,704,1,3244,2160.5,3467,1084,3224
7789be4d-a744-416c-992b-97b9f3be8029,71861,8,6835,2845.0,4351,3990,6675
7ac37a69-a822-482b-abd9-067c798c20d0,14304,11,9976,1924.0,4400,8052,9756
7b37206a-6dca-4f5e-be3c-7a8669b07830,294,4,5941,3133.0,4115,2808,5861
7b46d22e-3d59-438c-8a7e-e21c85c7cb3b,368,1,2808,2696.0,3904,112,2788
7bdbeb75-1732-4830-8f36-2d4ff5a782d4,107729,9,4606,2174.0,5042,2432,4426
7bf7f44e-bc89-4fc7-be0d-64d2dd7527c6,179,3,2959,1483.0,1745,1476,2899
7c5bc881-be95-4436-b459-50e65d01d7e6,323,6,6550,2764.8,4026,3785,6430
7d034d5c-dc57-4685-a4a5-9ac613d89c26,19823,10,12346,692.2,749,11654,12146
7d610177-20e7-4c1e-92dd-ae30d30fafa8,215,9,6811,2862.2,4850,3949,6631
7da5123c-cb8e-407d-b9eb-c38034a57e05,2692,26,6996,906.5,2257,6090,6476
7eb14bd6-472c-4ee5-9ce6-d3ecafd91c59,36067,1,2392,2286.0,2789,106,2372
7f622b0e-0ecb-4381-9b37-9290921144fa,5708,8,3960,1302.5,1796,2658,3800
8017628a-7960-46cf-8346-91eebadeb029,22300,3,7494,2780.8,6345,4713,7434
839daedb-06ef-4ce4-ad4b-793281ebc247,179,3,3356,2196.8,2650,1159,3296
83fa2676-15a8-4b5f-836c-4ab0f1c2b4cd,219,26,9852,1749.0,2527,8103,9332
848cf080-6538-4f06-888e-d8e193efb44d,34948,8,8990,2777.8,4077,6212,8830
84a123ab-4e4c-46e7-928c-8e98c6ea6239,26586,23,8343,2301.5,3150,6041,7883
8533e391-3fae-4804-b3be-2a9ee36001c9,97274,6,6908,2176.8,3032,4731,6788
861a7ca9-390a-4734-8e43-0bfde1bf6bf7,38234,3,3904,2440.2,3558,1464,3844
86253286-e64b-4b65-a6ee-17fc489ce11d,105383,24,8196,2021.0,4047,6175,7716
86ebc73f-ab60-4a6b-9733-42b4ad169816,578,7,9907,3135.2,5179,6772,9767
887a7916-9e4c-4779-9ea5-80be6240ded3,49725,1,2365,2050.2,3952,315,2345
88f27027-2659-401b-8b99-ec672da7b0fb,12395,12,8232,2085.5,4775,6146,7992
893c670f-2c4f-4a58-bf3f-faf6ecec2c56,5047,14,5364,1513.0,3751,3851,5084
8a90fb04-c1e1-42d7-8ae3-ec7be1885b9e,48788,6,8726,2262.2,4069,6464,8606
8a91eb8b-562a-4149-97ce-2f26939fe250,57052,13,8010,3462.2,4981,4548,7750
8b6f9eba-c7ab-4005-abb0-3bde123fcd10,5022,10,3676,1366.2,2889,2310,3476
8c4c1e49-acf2-47f5-ad36-d05e3c16f6ff,322,4,4953,3881.2,5818,1072,4873
8c671c6b-0d59-4171-af6b-60172b45f73f,395,8,8165,1343.5,1796,6821,8005
8ce8fdd2-facd-4216-9d44-18f0de07a2fd,7134,9,8170,2729.8,3751,5440,7990
8d2b54ed-5721-4132-bc96-66108ff4ddb7,5229,1,1015,907.5,2325,107,995
8e9c2b44-2038-45f5-b733-ead55562cbd5,8464,7,5518,1119.5,1427,4398,5378
8ed5746b-ba41-4e4d-9f42-415f282fb014,384,3,4582,2887.2,4631,1695,4522
900fbe60-f2af-4e1e-93dc-ebdbca432cca,350,4,4862,2705.2,3985,2157,4782
902525bd-e387-4b56-b6b9-3581ceb42f71,18157,1,2026,1887.0,2572,139,2006
918458c8-a123-4164-bb38-09f8d4eeedbe,32020,5,5366,2286.5,5798,3080,5266
91867e63-9523-496b-8e35-ef842808107a,22298,18,13018,1118.0,1726,11900,12658
931ae51f-7b21-4b17-a86a-4ee49ab9bee1,75437,5,5754,3061.5,4708,2692,5654
93abb3e4-8017-4a7c-b31e-5e25c9176f67,113729,4,5017,2223.0,6382,2794,4937
94d5194b-d199-44c8-b524-4da3ab1437b3,4330,17,7034,614.5,930,6420,6694
952a710a-114c-4bf7-9ccb-ada46b7b5741,487,21,10771,2513.5,5610,8257,10351
953c0caf-e003-4f83-ab22-a8dbdca8a4dc,19639,17,9800,2481.5,7281,7318,9460
96d5dd65-80c4-41f7-b363-a11e1ed24230,35087,13,6770,2384.0,3734,4386,6510
97eb7368-fa3b-43ea-bfd2-9a50632eb3a2,18213,7,7619,2361.0,3805,5258,7479
9919aa85-27bb-46d8-aa84-05ef84577f63,123,14,7112,2532.5,3225,4580,6832
992e79b3-bf2a-4d6d-933f-5fccc4b5e7d3,27103,6,6059,2435.5,4285,3623,5939
9930d5dc-5cc0-461e-a959-6779369f59ba,54288,66,12588,1741.8,2445,10846,11268
9991341e-b21a-49f4-b15e-0ed488adf36b,64688,6,8219,2821.5,4816,5397,8099
9a4b2722-c4a4-44d7-8e4d-27c8fb56016d,118401,8,6902,1602.0,3356,5300,6742
9a866366-f997-40a3-9345-65fee958162a,312,11,6551,3692.2,6769,2859,6331
9b378efe-15de-496f-a962-cd5d8aaaf1ad,107809,8,9237,1085.2,1681,8152,9077
9d28a43e-34ba-438a-82f9-0656b288bb77,79884,6,6308,3175.5,7710,3132,6188
9d58c408-761b-4bfa-91ea-8ab281af5c97,169,3,2678,2122.8,2612,555,2618
9e5be81b-e2ea-4d83-b9ee-24de263d104a,44982,9,9845,2836.0,4101,7009,9665
9e5c82b8-9058-46ae-9aa3-3c13f07431bd,202,8,6142,1817.5,2622,4324,5982
9eb46396-f396-4f4e-9269-64b4e437168a,4692,1,1897,1711.0,3901,186,1877
9eeb81ce-743b-4afc-b2f2-e40053f01b71,63,10,12829,490.0,682,12339,12629
9eeb81ce-743b-4afc-b2f2-e40053f01b71,14046,10,12829,490.0,682,12339,12629
a01b53ea-269a-4cef-917a-375496bb9902,154,15,10352,2084.5,2632,8268,10052
a21c98e9-a70d-44ae-a7c9-d0c62135934e,14895,13,8660,812.2,1093,7848,8400
a29ce4a2-5cb5-4d96-870e-713f7e9e84f3,42405,6,8925,2972.8,6972,5952,8805
a2c7ec1d-87aa-4b56-99d4-7796ee0d8d5f,4327,27,8529,2039.5,2763,6489,7989
a32a9899-3a5f-41a0-b066-acca138861a8,49561,1,2992,2707.2,4035,285,2972
a41edc71-daf9-4f5e-9ada-49d038e97f42,15329,4,4627,1749.8,2425,2877,4547
a44d238d-a8a9-4d65-a6a5-6023e0eb0f9b,62,17,9348,1730.5,3333,7618,9008
a4af9003-6a0c-4d9b-a52f-65d663d01cba,8919,23,8327,843.0,2187,7484,7867
a50b063c-4726-44b9-8b9f-44c5daefba16,19295,12,7880,2276.2,3859,5604,7640
a51e7fe0-24fb-4843-aae9-3514fa358e23,17069,24,6772,1032.0,1590,5740,6292
a791bac0-03ee-4345-bf4d-85f48c511351,108567,17,6383,2108.0,3727,4275,6043
a7ae60d8-10cc-48b4-8069-9b716efd38cb,50874,4,7099,2300.2,5377,4799,7019
a8975ed3-1c51-4c96-9a2c-866549116041,121,6,9521,694.2,768,8827,9401
a8975ed3-1c51-4c96-9a2c-866549116041,27687,6,9521,694.2,768,8827,9401
a8d83c1d-f1ce-4c44-90ad-0db478547334,76808,16,9103,2022.0,3047,7081,8783
a8e707a1-281c-4a86-9552-74dbce7ed108,47814,8,4944,2795.8,6207,2148,4784
a8f3c54f-4128-455a-b563-ada94f421bfb,468,3,6434,3403.5,4845,3030,6374
a91a6bc8-3606-453e-bf29-142ce9abd597,53626,6,5532,3028.2,7657,2504,5412
a9284733-7590-4fe0-ac60-8fd3a3c003a9,361,11,7944,1272.0,6792,6672,7724
a95b40e6-c2b6-4ff5-9eff-9afec88e7763,9750,8,5472,687.2,1393,4785,5312
a9c71891-5e91-442f-bec5-5b2cf12f2bd2,264,4,7222,3490.2,5222,3732,7142
a9decc80-cf56-4afc-99c7-7d9df7c592ed,52415,7,6876,61.2,1946,6815,6736
aa1aac92-e0e1-4fbc-8144-16c4e219e299,26906,56,28701,2997.5,3630,25703,27581
ab3b25a7-492d-4c6e-9e45-3800f90ae702,44371,13,7429,927.8,3745,6501,7169
ab4721a1-5f31-49bf-8f89-0b17bc72ac9a,43778,11,5982,2360.2,5007,3622,5762
ab7cc891-6b14-432d-8fb3-207d9b6c1bd5,9723,12,8462,1766.0,2792,6696,8222
acb175cf-f883-4cb8-a095-a8918252ae94,142246,4,6649,3827.2,6560,2822,6569
ad4543e6-4d0a-4f16-b1c0-7647e1d13862,56,10,3324,1211.2,1484,2113,3124
ae98ffd1-46ed-4356-bb70-2a062bc3767f,15637,17,8993,793.5,1197,8199,8653
b23d7374-2c53-409b-abaa-74400f0da7f5,340,7,5497,3824.5,5965,1673,5357
b25697b0-757d-4167-ad41-3857d9fe6649,572,11,8730,2186.8,2726,6543,8510
b27c7388-8740-4d60-9d18-d6807df80b99,113670,14,7108,2595.0,4378,4513,6828
b38c2912-633a-46f4-a541-15e8bd0db99e,56091,7,6603,3338.0,8141,3265,6463
b43f6324-0374-45ab-baeb-79cb66c9c86f,112,33,8938,2369.2,3983,6569,8278
b4dbc2fb-e8ce-47dc-96af-757b367b124a,50995,6,9223,2554.0,3308,6669,9103
b57aca35-7908-4cf2-b164-d5d0269c9b08,339,5,5869,2495.5,4222,3373,5769
b5c276f5-5605-47eb-b8f0-6bb8f1ea71bb,7959,14,6215,1146.8,2104,5068,5935
b6b11836-082a-42b3-95af-4ab17376ce79,541,8,7090,2912.2,4823,4178,6930
b6b8016f-6160-475f-999d-3ec1daf37b57,239,5,5394,3200.0,5584,2194,5294
b7e52711-b755-4631-af51-0399c3c7a292,138203,3,6295,3442.2,7170,2853,6235
b7e98a54-9c78-4307-b0c9-e72961841c7a,50878,1,2403,2273.5,3830,129,2383
b814b7d6-ddb7-41aa-a245-1a7f54fc618e,19033,9,5578,2330.5,4059,3248,5398
baae7b46-497d-463a-b31e-aaba92c2395f,80800,8,8638,2931.0,4477,5707,8478
bb2404e6-7822-486e-863d-f3c1b27f19df,16683,7,8617,1561.2,2257,7056,8477
bba89ded-24b1-48cc-88ee-e42a076b6105,99,18,8360,1841.0,2855,6519,8000
bc114670-65a1-4088-9a19-978590f14d88,85049,34,10768,1964.2,3342,8804,10088
bd064419-37ff-4c18-bb81-788fbe3d24e7,75061,13,8420,3062.0,4645,5358,8160
bdf9580b-1620-4183-af0a-3a75ee68c217,20481,13,7982,817.2,2198,7165,7722
bdfb3aed-9a7d-4115-9f8d-2818e5239077,436,17,9116,1847.2,2898,7269,8776
be076195-cc4c-4b7f-9469-750470e850e7,1644,7,1894,1356.0,2541,538,1754
bf4ad1cc-2d63-4547-847b-de5df16e2ca1,11833,23,7957,1451.8,2639,6505,7497
bf4e1f4e-2e18-4d42-8ce4-66d456c97567,57353,12,8898,3106.5,4958,5792,8658
bf5f1e86-2126-49d8-afef-40cbdae6210b,4688,4,3297,1794.8,3470,1502,3217
bf925384-901d-4812-bf15-90870016a2b3,7153,12,6516,704.5,1595,5812,6276
bfe05e90-b245-462b-a5ad-a2dd22e19028,10048,1,1722,1598.8,2117,123,1702
c3b3e6e6-21b7-4ee2-8a7e-b334eb8cdff4,205,7,5165,2277.5,2800,2887,5025
c3caf470-f558-4dc7-883e-96bbaed2bdd3,28304,1,3481,3368.8,4870,112,3461
c619c6ed-4171-4d6e-8004-a7dcdccd38b8,83097,5,7643,2491.2,6650,5152,7543
c6d27187-bd2a-4608-b13b-3abae51d2b35,45172,14,9170,2392.5,3372,6778,8890
c8237bab-b6c4-4f52-9339-32f745342254,2366,5,1092,599.5,673,492,992
c82c5ff0-8dff-48ab-979a-879567e26a26,14519,4,3483,1663.0,2243,1820,3403
c8b4726c-a584-458a-97b9-dcb3d12d914c,40013,7,5234,2585.0,3529,2649,5094
c8c97215-917f-4aca-a9a8-2646a59df5c0,13492,11,7694,1707.5,5454,5986,7474
c9c1a1c9-85d7-4bd5-8ea0-1dc6431620e3,159,7,3581,2031.2,2620,1550,3441
cb34b08c-3279-4608-958c-602ffb55af9e,57586,16,9831,3009.0,3884,6822,9511
cb3d4e07-689a-4d70-a68f-32838e3b914d,17514,4,4270,2663.0,3658,1607,4190
cb3ebd00-f95b-4d0c-bcfa-eab3feef05c6,59254,7,6242,2652.2,7229,3590,6102
cc598d43-bb3a-4db6-ae97-427347735494,515,13,11356,2417.8,4830,8938,11096
cc80cf23-a6b1-4698-bc7b-ed930a419889,16593,11,5481,2284.0,3191,3197,5261
ccbda143-9293-4e48-b3d1-6848c3725b44,63981,19,6195,751.2,1515,5444,5815
ccc848ca-3108-4779-916d-8df713d021e7,95069,7,5257,2121.8,5250,3135,5117
cce1c7ec-1b5f-429c-a324-e7cfadac261a,36514,24,11234,2792.5,4076,8442,10754
cdd754fa-a437-4410-9945-18177cbeb843,8922,6,1816,1636.8,3003,179,1696
ce45c746-8bb6-4554-a785-d95899b8f7d4,20942,7,11176,2349.2,4985,8827,11036
ce9e7c38-3382-47af-abff-6f79338d438e,134936,3,7027,3187.0,5745,3840,6967
cebec6bf-1dd2-4ec6-9f30-3ae975adca2a,9639,9,8456,1517.5,4526,6938,8276
cee2d02c-fd76-43de-9b49-05a41ee9d5b5,5087,4,2228,913.0,1178,1315,2148
cf1332d9-8a1a-4111-a8fd-a6d1bafc750c,546,6,2287,1334.2,2483,953,2167
cf37a960-69df-45eb-a1d3-fc7d60409bf0,11387,5,3488,1523.2,2016,1965,3388
cf3aac13-a534-4f28-8b01-3aa18d995d77,20443,10,9031,1911.0,3820,7120,8831
d022353a-a01a-4fbd-928d-a92c5d4f8ec5,117172,17,7159,2934.0,5448,4225,6819
d0d7cdce-28ec-4a21-b147-215f2062ab66,669,7,13603,3152.8,5208,10450,13463
d180dcea-6b0e-49e6-af67-78cf854ca9e6,286,5,6581,2189.8,2732,4391,6481
d43d655b-54f0-4896-ae37-4ffaf07c1660,5394,5,3292,1907.2,3063,1385,3192
d4742e02-7145-4411-aac4-76a1d1c15a1d,61200,7,7284,3344.2,7213,3940,7144
d52a477c-c1d2-4860-bfa2-35dc927c85e5,110668,3,3156,2112.5,3045,1044,3096
d6e3c676-d1aa-41e4-92d4-c2052f029501,101158,9,7739,1956.0,3291,5783,7559
d6edf517-41aa-4c9d-95b4-edcf22168d41,2643,29,8823,592.2,889,8231,8243
d754b422-8a1e-4dec-baf0-bb5d82d13cdc,99,22,9740,1348.8,2216,8391,9300
d81a5c0c-9062-4134-9f6a-f8fcc1f6c84f,56807,15,6423,689.0,1742,5734,6123
da434987-d26f-4080-a00d-6cfbab6b17b9,12997,8,6285,1742.5,4080,4543,6125
dbb2be6f-d89a-4a59-8db4-256e8bf82060,235,27,7895,1287.2,1977,6608,7355
dbe5dd50-0a93-4984-8e13-99bba35b3a3b,87230,8,6562,2855.2,7028,3707,6402
dc0904a0-5ea0-4802-b9ba-994ac67f953d,11551,9,6377,2325.8,3560,4051,6197
dc791c63-5917-4c6a-a73d-f0f98a108c4b,191,17,8632,2071.2,2363,6561,8292
de0f6f83-c905-4748-8ad6-e0fa32e60e57,3810,15,7961,2341.8,3378,5619,7661
dfe9714d-0967-4fed-b472-0dda364f3ada,24671,15,8909,2172.5,4445,6737,8609
e17484c2-b31b-446a-962c-5e048702cdd8,14429,28,6155,1867.0,2383,4288,5595
e602da37-3738-4351-bacd-d02c288fbb62,25435,19,9709,1386.5,1765,8323,9329
e645612f-757e-4564-93fa-72fd24f782f6,19516,17,7970,718.8,793,7251,7630
e8ca4a0c-f258-4ea6-9b37-85e603ae1624,36071,1,2388,2010.8,2514,377,2368
e9612893-6c60-4a1f-9663-be8688b135a0,153,27,7550,1277.8,2226,6272,7010
e98bb4d5-94f3-4def-8d14-c95b9265f4f9,31896,8,8071,2358.5,3776,5713,7911
e9a749c3-a358-4140-a6cf-6d36b7703138,658,19,7309,2321.8,2993,4987,6929
eba9bf32-3292-4b3d-967d-54c9d7affd10,3950,9,4900,1615.2,3006,3285,4720
ec04ad67-0fde-40ed-8994-2813a39136d4,11866,6,3833,1980.8,2546,1852,3713
ec1122bc-40b5-4e86-8d6a-1ebb47b5949d,50396,1,2096,1989.2,3002,107,2076
ec2e7d7a-5ac4-47a8-9569-c0142852a657,8926,1,1739,1619.2,2135,120,1719
ef4059e7-a79a-46f6-b361-1d5e5663e1ad,22136,8,9995,1577.0,2020,8418,9835
ef9d3b54-280a-4c48-a8bb-c65a49e7e8a4,25496,4,4838,3003.5,8143,1834,4758
f02a53f2-0b01-4a07-a5da-55a2c057251c,15778,7,4956,1586.0,2395,3370,4816
f0ee6a20-6bac-42d8-985f-e9dee3f9898a,156,28,8748,2360.0,2811,6388,8188
f20c9dad-dda4-4bde-aa02-7ac8f1287928,20283,17,7424,901.2,1898,6523,7084
f400b9d8-5a32-4102-8f2b-82263499a986,52385,8,5519,2826.2,3925,2693,5359
f4b3a638-7894-47b7-aa16-85c8f2df3f09,49557,3,6588,2889.2,5070,3699,6528
f5bb6de9-d36f-4fdb-88c8-2413eec692cf,101435,5,4201,645.8,3935,3555,4101
f71dd4e5-bde2-4e43-9173-726061eb02db,252,17,9922,1534.2,3408,8388,9582
f8565458-d7a0-461b-b294-d9b7717270ed,16863,23,7730,2174.5,4500,5556,7270
f893a6df-b79f-471e-933d-1232deacb96a,231,5,3385,2129.2,4073,1256,3285
fa502947-8a52-4820-8dca-3f38328d65c9,10205,36,9769,2059.2,3557,7710,9049
fae19926-7651-4533-a79a-b8dbd7a72b76,632,10,14508,3308.8,6236,11199,14308
fb37bf19-511f-42aa-8c6b-34602df9cc6a,54501,16,6766,3480.2,5036,3286,6446
fc1e6b79-fb62-4e7d-9963-a4987c62209f,119567,38,9642,1315.8,2007,8326,8882
fd59a514-849b-42ce-98db-3fb0fc386fde,181,25,7552,1774.5,2577,5778,7052
fda501b4-c8cb-4f3a-9c4b-d84c998f6959,10222,3,7367,1934.8,2490,5432,7307
fdd62b05-8737-4822-a72c-2a7adbd15300,44986,1,2938,2742.0,4013,196,2918
fe8db7d1-63fe-4345-873c-34225bc3d09b,112309,3,4155,2176.0,4620,1979,4095
fed4edbb-58d9-4e4d-a480-910502c6d4b1,5784,7,2698,675.2,957,2023,2558
ff17ed7d-993c-419b-b445-29cb08ab222e,190,1,1585,1369.0,1677,216,1565
ffbbf71a-08fd-4b53-bf5b-f6800f4c056e,98780,8,9801,2608.0,6264,7193,9641
