uuid,mechanism,compaction_seq,n_shadowed_seqs,n_shadowed_toolcalls,n_dropped_targets
02916586-2a93-45cb-b397-e91f985e52f6,summary,14046,10,4,1
02916586-2a93-45cb-b397-e91f985e52f6,summary,23472,17,4,0
02916586-2a93-45cb-b397-e91f985e52f6,summary,27687,6,1,0
0e54e7bf-4e3e-4800-b4ea-04f12fc15440,prune,2964,1,1,1
0e54e7bf-4e3e-4800-b4ea-04f12fc15440,summary,4327,27,15,18
22984eb4-1779-45ac-a179-4ab1aa246bb8,prune,43,1,1,0
22984eb4-1779-45ac-a179-4ab1aa246bb8,prune,45,1,1,0
22984eb4-1779-45ac-a179-4ab1aa246bb8,prune,96,1,1,1
22984eb4-1779-45ac-a179-4ab1aa246bb8,summary,99,22,10,5
22984eb4-1779-45ac-a179-4ab1aa246bb8,prune,130,1,1,0
2826ba22-9488-4ae5-b463-2bd02a275265,prune,2685,1,1,0
2826ba22-9488-4ae5-b463-2bd02a275265,prune,2687,1,1,0
2826ba22-9488-4ae5-b463-2bd02a275265,prune,2689,1,1,0
2826ba22-9488-4ae5-b463-2bd02a275265,summary,2692,26,11,0
2826ba22-9488-4ae5-b463-2bd02a275265,prune,4905,1,1,0
2826ba22-9488-4ae5-b463-2bd02a275265,prune,4907,1,1,0
2826ba22-9488-4ae5-b463-2bd02a275265,summary,4910,13,5,0
2db662b3-7c1a-411d-92b4-51bd64b2b471,prune,8335,1,1,2
2db662b3-7c1a-411d-92b4-51bd64b2b471,prune,8461,1,1,1
2db662b3-7c1a-411d-92b4-51bd64b2b471,summary,8464,7,3,4
2db662b3-7c1a-411d-92b4-51bd64b2b471,summary,8647,7,3,2
2db662b3-7c1a-411d-92b4-51bd64b2b471,summary,12997,8,3,3
37054a65-196d-44e6-b2a4-e8c6132b0e73,summary,1644,7,3,0
37054a65-196d-44e6-b2a4-e8c6132b0e73,summary,4688,4,2,2
37054a65-196d-44e6-b2a4-e8c6132b0e73,summary,4692,1,0,0
37054a65-196d-44e6-b2a4-e8c6132b0e73,summary,14304,11,6,4
37054a65-196d-44e6-b2a4-e8c6132b0e73,summary,18157,1,0,0
37054a65-196d-44e6-b2a4-e8c6132b0e73,summary,18161,1,0,0
37054a65-196d-44e6-b2a4-e8c6132b0e73,summary,20942,7,4,0
37054a65-196d-44e6-b2a4-e8c6132b0e73,summary,25276,5,2,5
37054a65-196d-44e6-b2a4-e8c6132b0e73,summary,25280,1,0,0
37054a65-196d-44e6-b2a4-e8c6132b0e73,summary,27103,6,3,4
37054a65-196d-44e6-b2a4-e8c6132b0e73,summary,27107,1,0,0
37054a65-196d-44e6-b2a4-e8c6132b0e73,summary,34948,8,3,3
37054a65-196d-44e6-b2a4-e8c6132b0e73,summary,34952,1,0,0
37054a65-196d-44e6-b2a4-e8c6132b0e73,summary,36587,3,1,2
37054a65-196d-44e6-b2a4-e8c6132b0e73,summary,36591,1,0,0
37054a65-196d-44e6-b2a4-e8c6132b0e73,summary,44982,9,3,1
37054a65-196d-44e6-b2a4-e8c6132b0e73,summary,44986,1,0,0
37054a65-196d-44e6-b2a4-e8c6132b0e73,summary,49557,3,1,2
37054a65-196d-44e6-b2a4-e8c6132b0e73,summary,49561,1,0,0
37054a65-196d-44e6-b2a4-e8c6132b0e73,summary,50874,4,1,1
37054a65-196d-44e6-b2a4-e8c6132b0e73,summary,50878,1,0,0
40c4a9b8-b103-42da-b576-0ffe6c051c4e,prune,7531,1,1,1
40c4a9b8-b103-42da-b576-0ffe6c051c4e,summary,10812,31,15,3
40c4a9b8-b103-42da-b576-0ffe6c051c4e,summary,22298,18,8,1
40c4a9b8-b103-42da-b576-0ffe6c051c4e,summary,30445,8,1,1
40c4a9b8-b103-42da-b576-0ffe6c051c4e,summary,38783,16,5,1
40c4a9b8-b103-42da-b576-0ffe6c051c4e,summary,44978,33,14,5
40c4a9b8-b103-42da-b576-0ffe6c051c4e,summary,54288,66,32,12
40c4a9b8-b103-42da-b576-0ffe6c051c4e,summary,61457,30,12,7
40c4a9b8-b103-42da-b576-0ffe6c051c4e,summary,69918,22,10,16
40c4a9b8-b103-42da-b576-0ffe6c051c4e,summary,76808,16,7,21
40c4a9b8-b103-42da-b576-0ffe6c051c4e,summary,85049,34,17,26
40c4a9b8-b103-42da-b576-0ffe6c051c4e,summary,93552,8,3,4
40c4a9b8-b103-42da-b576-0ffe6c051c4e,summary,100824,9,4,4
40c4a9b8-b103-42da-b576-0ffe6c051c4e,summary,107809,8,3,2
40c4a9b8-b103-42da-b576-0ffe6c051c4e,prune,112767,1,1,1
40c4a9b8-b103-42da-b576-0ffe6c051c4e,summary,113387,18,8,4
40c4a9b8-b103-42da-b576-0ffe6c051c4e,summary,119567,38,18,3
42b93092-3c00-4d43-85a5-9abf5e0b132c,prune,7956,1,1,1
42b93092-3c00-4d43-85a5-9abf5e0b132c,summary,7959,14,6,5
42b93092-3c00-4d43-85a5-9abf5e0b132c,prune,10250,1,1,3
42b93092-3c00-4d43-85a5-9abf5e0b132c,summary,12392,7,3,4
42b93092-3c00-4d43-85a5-9abf5e0b132c,summary,15350,12,5,7
42b93092-3c00-4d43-85a5-9abf5e0b132c,summary,19033,9,4,6
4751fe80-6fef-4269-92b4-ea76f36ea3af,prune,7242,1,1,0
4751fe80-6fef-4269-92b4-ea76f36ea3af,summary,10205,36,17,0
4751fe80-6fef-4269-92b4-ea76f36ea3af,summary,19639,17,8,0
4751fe80-6fef-4269-92b4-ea76f36ea3af,summary,19643,1,0,0
4751fe80-6fef-4269-92b4-ea76f36ea3af,prune,21252,1,1,1
4b4ea9a9-beb3-4a24-841b-5948b63b92ff,summary,4330,17,9,3
4b4ea9a9-beb3-4a24-841b-5948b63b92ff,summary,7153,12,5,4
4b4ea9a9-beb3-4a24-841b-5948b63b92ff,summary,8919,23,10,4
4b4ea9a9-beb3-4a24-841b-5948b63b92ff,summary,12816,11,4,2
4b4ea9a9-beb3-4a24-841b-5948b63b92ff,summary,17069,24,11,10
4b4ea9a9-beb3-4a24-841b-5948b63b92ff,summary,20283,17,7,5
4b4ea9a9-beb3-4a24-841b-5948b63b92ff,summary,25424,25,11,10
4b4ea9a9-beb3-4a24-841b-5948b63b92ff,summary,33608,30,12,10
4b4ea9a9-beb3-4a24-841b-5948b63b92ff,summary,38854,15,6,1
4b4ea9a9-beb3-4a24-841b-5948b63b92ff,summary,42130,11,5,3
4b4ea9a9-beb3-4a24-841b-5948b63b92ff,summary,44371,13,5,1
4b4ea9a9-beb3-4a24-841b-5948b63b92ff,summary,50504,15,7,10
4b4ea9a9-beb3-4a24-841b-5948b63b92ff,summary,52415,7,3,2
4b4ea9a9-beb3-4a24-841b-5948b63b92ff,summary,56807,15,7,4
4b4ea9a9-beb3-4a24-841b-5948b63b92ff,summary,61178,24,12,3
4b4ea9a9-beb3-4a24-841b-5948b63b92ff,summary,63981,19,10,1
4b4ea9a9-beb3-4a24-841b-5948b63b92ff,summary,68964,16,7,3
4b94baa5-9f44-4efb-aab9-606648304e0a,prune,10058,1,1,1
4f208ec8-efa4-40e6-910c-53385978ad3a,prune,3947,1,1,2
4f208ec8-efa4-40e6-910c-53385978ad3a,summary,3950,9,4,4
4f208ec8-efa4-40e6-910c-53385978ad3a,prune,9720,1,1,1
4f208ec8-efa4-40e6-910c-53385978ad3a,summary,9723,12,6,9
4f208ec8-efa4-40e6-910c-53385978ad3a,summary,16772,7,3,2
4f208ec8-efa4-40e6-910c-53385978ad3a,summary,23092,14,6,2
4f208ec8-efa4-40e6-910c-53385978ad3a,summary,26586,23,11,5
4f208ec8-efa4-40e6-910c-53385978ad3a,summary,31486,24,11,10
4f208ec8-efa4-40e6-910c-53385978ad3a,summary,35087,13,6,1
4f208ec8-efa4-40e6-910c-53385978ad3a,summary,38939,14,6,1
4f208ec8-efa4-40e6-910c-53385978ad3a,summary,43778,11,5,1
4f208ec8-efa4-40e6-910c-53385978ad3a,summary,47814,8,3,0
4f208ec8-efa4-40e6-910c-53385978ad3a,summary,49703,5,2,1
4f208ec8-efa4-40e6-910c-53385978ad3a,prune,51725,1,1,2
4f208ec8-efa4-40e6-910c-53385978ad3a,summary,51728,7,3,0
4f208ec8-efa4-40e6-910c-53385978ad3a,summary,53626,6,2,2
4f208ec8-efa4-40e6-910c-53385978ad3a,summary,56091,7,3,4
4f208ec8-efa4-40e6-910c-53385978ad3a,summary,59254,7,3,1
4f208ec8-efa4-40e6-910c-53385978ad3a,summary,64688,6,2,1
4f208ec8-efa4-40e6-910c-53385978ad3a,summary,68884,19,9,0
4f208ec8-efa4-40e6-910c-53385978ad3a,summary,71861,8,3,9
4f208ec8-efa4-40e6-910c-53385978ad3a,summary,75437,5,2,2
4f208ec8-efa4-40e6-910c-53385978ad3a,summary,79884,6,2,2
4f208ec8-efa4-40e6-910c-53385978ad3a,summary,83097,5,2,2
4f208ec8-efa4-40e6-910c-53385978ad3a,summary,87230,8,3,2
4f208ec8-efa4-40e6-910c-53385978ad3a,summary,90383,9,4,1
4f208ec8-efa4-40e6-910c-53385978ad3a,prune,95066,1,1,1
4f208ec8-efa4-40e6-910c-53385978ad3a,summary,95069,7,3,6
4f208ec8-efa4-40e6-910c-53385978ad3a,summary,97274,6,2,1
4f208ec8-efa4-40e6-910c-53385978ad3a,summary,101158,9,4,1
4f208ec8-efa4-40e6-910c-53385978ad3a,prune,105380,1,1,1
4f208ec8-efa4-40e6-910c-53385978ad3a,summary,105383,24,11,6
4f208ec8-efa4-40e6-910c-53385978ad3a,summary,107729,9,4,2
4f208ec8-efa4-40e6-910c-53385978ad3a,summary,110668,3,1,1
4f208ec8-efa4-40e6-910c-53385978ad3a,summary,112309,3,1,1
4f208ec8-efa4-40e6-910c-53385978ad3a,summary,113729,4,1,1
4f208ec8-efa4-40e6-910c-53385978ad3a,summary,118401,8,3,1
527ff322-9c16-432d-b377-0bef48693e20,prune,16150,1,1,1
5457abbd-74d6-4949-a461-a6981ad50d4c,summary,153,27,11,0
5457abbd-74d6-4949-a461-a6981ad50d4c,prune,187,1,1,0
5457abbd-74d6-4949-a461-a6981ad50d4c,summary,235,27,15,5
5457abbd-74d6-4949-a461-a6981ad50d4c,prune,251,1,1,0
5539bf89-e59c-4e37-92c8-a3181269c8ad,prune,6110,1,1,1
5539bf89-e59c-4e37-92c8-a3181269c8ad,prune,9323,1,1,1
66207706-103d-4716-8605-26aefb01c335,prune,1914,1,1,0
66207706-103d-4716-8605-26aefb01c335,prune,5705,1,1,0
66207706-103d-4716-8605-26aefb01c335,summary,5708,8,4,2
66207706-103d-4716-8605-26aefb01c335,summary,10763,12,8,1
66207706-103d-4716-8605-26aefb01c335,prune,18210,1,1,0
66207706-103d-4716-8605-26aefb01c335,summary,18213,7,3,0
66207706-103d-4716-8605-26aefb01c335,prune,27623,1,1,1
769427df-7fa1-4431-b6d8-95479125d7d0,summary,5022,10,5,1
79bb9b99-04ac-448b-b9ad-26c9c5f849a6,prune,1287,1,1,0
79bb9b99-04ac-448b-b9ad-26c9c5f849a6,summary,2643,29,15,1
79bb9b99-04ac-448b-b9ad-26c9c5f849a6,summary,5674,27,15,0
7ce22256-b88c-4c36-afb2-3e4eb4dc067b,summary,4824,13,7,5
7ce22256-b88c-4c36-afb2-3e4eb4dc067b,summary,13492,11,6,5
7ce22256-b88c-4c36-afb2-3e4eb4dc067b,summary,15329,4,1,0
7ce22256-b88c-4c36-afb2-3e4eb4dc067b,summary,19087,6,3,3
7ce22256-b88c-4c36-afb2-3e4eb4dc067b,summary,23371,26,12,4
7ce22256-b88c-4c36-afb2-3e4eb4dc067b,summary,28811,12,6,5
7ce22256-b88c-4c36-afb2-3e4eb4dc067b,summary,31896,8,3,4
87c9c6a5-3262-49e1-9685-29214b3beea9,prune,6956,1,1,1
87c9c6a5-3262-49e1-9685-29214b3beea9,summary,6959,60,29,11
9902f5e4-2bff-4798-9f30-16131308c3b2,summary,8922,6,2,2
9902f5e4-2bff-4798-9f30-16131308c3b2,summary,8926,1,0,0
9902f5e4-2bff-4798-9f30-16131308c3b2,summary,10048,1,0,0
9902f5e4-2bff-4798-9f30-16131308c3b2,summary,10222,3,1,1
9902f5e4-2bff-4798-9f30-16131308c3b2,summary,14429,28,13,2
9902f5e4-2bff-4798-9f30-16131308c3b2,summary,16593,11,4,0
9902f5e4-2bff-4798-9f30-16131308c3b2,summary,18358,3,1,1
9902f5e4-2bff-4798-9f30-16131308c3b2,summary,20980,4,1,0
9902f5e4-2bff-4798-9f30-16131308c3b2,summary,28058,15,7,3
9902f5e4-2bff-4798-9f30-16131308c3b2,summary,33504,7,2,1
9902f5e4-2bff-4798-9f30-16131308c3b2,summary,36067,1,0,0
9902f5e4-2bff-4798-9f30-16131308c3b2,summary,36071,1,0,0
9902f5e4-2bff-4798-9f30-16131308c3b2,summary,36334,4,1,1
9902f5e4-2bff-4798-9f30-16131308c3b2,summary,38234,3,1,1
9902f5e4-2bff-4798-9f30-16131308c3b2,summary,40013,7,3,1
9902f5e4-2bff-4798-9f30-16131308c3b2,summary,45172,14,5,2
9902f5e4-2bff-4798-9f30-16131308c3b2,prune,48783,1,1,1
9902f5e4-2bff-4798-9f30-16131308c3b2,prune,48785,1,1,1
9902f5e4-2bff-4798-9f30-16131308c3b2,summary,48788,6,1,1
9902f5e4-2bff-4798-9f30-16131308c3b2,summary,49725,1,0,0
9902f5e4-2bff-4798-9f30-16131308c3b2,summary,49729,1,0,0
9902f5e4-2bff-4798-9f30-16131308c3b2,summary,50396,1,0,0
9902f5e4-2bff-4798-9f30-16131308c3b2,summary,50995,6,4,3
9902f5e4-2bff-4798-9f30-16131308c3b2,summary,52385,8,4,2
9902f5e4-2bff-4798-9f30-16131308c3b2,summary,55216,9,5,0
9902f5e4-2bff-4798-9f30-16131308c3b2,prune,57415,1,1,1
9902f5e4-2bff-4798-9f30-16131308c3b2,summary,57586,16,8,7
a2c2fa1b-5eeb-4a99-89a0-827401b2937f,prune,5540,1,1,1
a2c2fa1b-5eeb-4a99-89a0-827401b2937f,summary,9099,20,10,5
a2c2fa1b-5eeb-4a99-89a0-827401b2937f,summary,16683,7,3,1
a2c2fa1b-5eeb-4a99-89a0-827401b2937f,summary,20443,10,4,5
a2c2fa1b-5eeb-4a99-89a0-827401b2937f,summary,25435,19,9,5
b9716a57-e638-4a3f-9149-80d5caa38802,prune,7303,1,1,1
b9716a57-e638-4a3f-9149-80d5caa38802,summary,7306,14,8,2
b9716a57-e638-4a3f-9149-80d5caa38802,summary,8945,4,2,0
b9716a57-e638-4a3f-9149-80d5caa38802,summary,11548,4,2,2
b9716a57-e638-4a3f-9149-80d5caa38802,summary,14429,7,2,1
b9716a57-e638-4a3f-9149-80d5caa38802,summary,19295,12,5,2
bbb2ec54-010d-4ca7-8b87-0807bc61f12e,summary,15637,17,8,2
c033051a-2b95-4253-91ab-8805c6853aab,prune,12817,1,1,2
c033051a-2b95-4253-91ab-8805c6853aab,prune,13153,1,1,1
c033051a-2b95-4253-91ab-8805c6853aab,summary,13156,17,8,7
c1e0a631-6e5f-499e-a6f9-2b043bda926e,summary,10849,13,3,2
c1e0a631-6e5f-499e-a6f9-2b043bda926e,summary,19516,17,5,1
c1e0a631-6e5f-499e-a6f9-2b043bda926e,summary,19823,10,5,1
d1a41143-5d7f-440e-bc86-e43407ad0e28,prune,4952,1,1,1
d1a41143-5d7f-440e-bc86-e43407ad0e28,summary,5087,4,1,0
d1a41143-5d7f-440e-bc86-e43407ad0e28,prune,5139,1,1,1
d1a41143-5d7f-440e-bc86-e43407ad0e28,prune,5226,1,1,1
d1a41143-5d7f-440e-bc86-e43407ad0e28,summary,5229,1,0,0
d1a41143-5d7f-440e-bc86-e43407ad0e28,prune,5306,1,1,1
d1a41143-5d7f-440e-bc86-e43407ad0e28,summary,5309,3,1,1
d1a41143-5d7f-440e-bc86-e43407ad0e28,summary,5394,5,2,2
dd740a3f-875f-4863-ac2a-0d63f747e3c5,prune,89,1,1,1
e2053b00-cd09-4b54-9876-fe36d69d4b5b,summary,2366,5,1,0
e2053b00-cd09-4b54-9876-fe36d69d4b5b,summary,3000,12,7,1
e2053b00-cd09-4b54-9876-fe36d69d4b5b,summary,5784,7,3,3
e2053b00-cd09-4b54-9876-fe36d69d4b5b,summary,5788,1,0,0
e2053b00-cd09-4b54-9876-fe36d69d4b5b,summary,6309,5,2,2
e2053b00-cd09-4b54-9876-fe36d69d4b5b,summary,9750,8,4,2
e2053b00-cd09-4b54-9876-fe36d69d4b5b,summary,14895,13,5,2
e2053b00-cd09-4b54-9876-fe36d69d4b5b,summary,20481,13,5,3
e2053b00-cd09-4b54-9876-fe36d69d4b5b,summary,24257,4,2,1
e2053b00-cd09-4b54-9876-fe36d69d4b5b,prune,24260,1,1,0
e2053b00-cd09-4b54-9876-fe36d69d4b5b,summary,29564,4,1,0
e2b21469-dfb9-471a-86e2-66b95f5ac7d3,prune,5210,1,1,1
e2b21469-dfb9-471a-86e2-66b95f5ac7d3,prune,5684,1,1,3
e2b21469-dfb9-471a-86e2-66b95f5ac7d3,prune,5686,1,1,1
e2b21469-dfb9-471a-86e2-66b95f5ac7d3,prune,5760,1,1,1
e2b21469-dfb9-471a-86e2-66b95f5ac7d3,summary,5763,16,7,9
e2b21469-dfb9-471a-86e2-66b95f5ac7d3,prune,8208,1,1,1
e2b21469-dfb9-471a-86e2-66b95f5ac7d3,summary,9639,9,4,5
e2b21469-dfb9-471a-86e2-66b95f5ac7d3,summary,12395,12,6,8
e2b21469-dfb9-471a-86e2-66b95f5ac7d3,summary,16863,23,12,9
e2b21469-dfb9-471a-86e2-66b95f5ac7d3,summary,24671,15,8,1
e2b21469-dfb9-471a-86e2-66b95f5ac7d3,prune,28376,1,1,1
e2b21469-dfb9-471a-86e2-66b95f5ac7d3,summary,28379,7,3,3
e2b21469-dfb9-471a-86e2-66b95f5ac7d3,summary,32020,5,2,1
e2b21469-dfb9-471a-86e2-66b95f5ac7d3,summary,36514,24,14,4
e2b21469-dfb9-471a-86e2-66b95f5ac7d3,prune,39108,1,1,1
e2b21469-dfb9-471a-86e2-66b95f5ac7d3,summary,42405,6,3,3
e2b21469-dfb9-471a-86e2-66b95f5ac7d3,summary,45432,6,2,1
e2b21469-dfb9-471a-86e2-66b95f5ac7d3,summary,49880,10,6,6
e2b21469-dfb9-471a-86e2-66b95f5ac7d3,summary,54501,16,7,7
e2b21469-dfb9-471a-86e2-66b95f5ac7d3,summary,57052,13,7,6
e2b21469-dfb9-471a-86e2-66b95f5ac7d3,prune,57097,1,1,1
e2b21469-dfb9-471a-86e2-66b95f5ac7d3,prune,57171,1,1,1
e2b21469-dfb9-471a-86e2-66b95f5ac7d3,prune,57256,1,1,1
e2b21469-dfb9-471a-86e2-66b95f5ac7d3,prune,57350,1,1,1
e2b21469-dfb9-471a-86e2-66b95f5ac7d3,summary,57353,12,7,11
e2b21469-dfb9-471a-86e2-66b95f5ac7d3,prune,61197,1,1,1
e2b21469-dfb9-471a-86e2-66b95f5ac7d3,summary,61200,7,3,1
e2b21469-dfb9-471a-86e2-66b95f5ac7d3,summary,70753,6,2,1
e2b21469-dfb9-471a-86e2-66b95f5ac7d3,summary,75061,13,6,3
e2b21469-dfb9-471a-86e2-66b95f5ac7d3,summary,80800,8,2,2
e2b21469-dfb9-471a-86e2-66b95f5ac7d3,summary,84042,7,3,2
e2b21469-dfb9-471a-86e2-66b95f5ac7d3,summary,89650,24,11,4
e2b21469-dfb9-471a-86e2-66b95f5ac7d3,prune,93098,1,1,0
e2b21469-dfb9-471a-86e2-66b95f5ac7d3,summary,93101,17,7,4
e2b21469-dfb9-471a-86e2-66b95f5ac7d3,summary,98780,8,3,1
e2b21469-dfb9-471a-86e2-66b95f5ac7d3,summary,101435,5,2,1
e2b21469-dfb9-471a-86e2-66b95f5ac7d3,summary,104583,14,6,7
e2b21469-dfb9-471a-86e2-66b95f5ac7d3,summary,108567,17,8,4
e2b21469-dfb9-471a-86e2-66b95f5ac7d3,summary,113670,14,6,6
e2b21469-dfb9-471a-86e2-66b95f5ac7d3,summary,117172,17,8,5
e2b21469-dfb9-471a-86e2-66b95f5ac7d3,prune,121054,1,1,0
e2b21469-dfb9-471a-86e2-66b95f5ac7d3,summary,121064,10,4,2
e2b21469-dfb9-471a-86e2-66b95f5ac7d3,summary,125542,11,4,2
e2b21469-dfb9-471a-86e2-66b95f5ac7d3,summary,131752,6,2,0
e2b21469-dfb9-471a-86e2-66b95f5ac7d3,summary,134936,3,1,0
e2b21469-dfb9-471a-86e2-66b95f5ac7d3,summary,138203,3,1,1
e2b21469-dfb9-471a-86e2-66b95f5ac7d3,summary,142246,4,1,0
e2b21469-dfb9-471a-86e2-66b95f5ac7d3,summary,147915,3,1,0
e52d9ac2-f40b-40f6-8194-e16a9ad8646a,prune,20055,1,1,0
e52d9ac2-f40b-40f6-8194-e16a9ad8646a,prune,20057,1,1,1
e52d9ac2-f40b-40f6-8194-e16a9ad8646a,prune,20059,1,1,1
e52d9ac2-f40b-40f6-8194-e16a9ad8646a,summary,26906,56,32,28
ec778e9c-58bb-474a-b565-4618acf6a83f,prune,1841,1,1,3
ec778e9c-58bb-474a-b565-4618acf6a83f,prune,1843,1,1,0
ec778e9c-58bb-474a-b565-4618acf6a83f,summary,3810,15,7,3
ec778e9c-58bb-474a-b565-4618acf6a83f,summary,7134,9,5,8
ecd8268a-e1d1-430d-a2bc-897055f04347,prune,541,1,1,0
ecd8268a-e1d1-430d-a2bc-897055f04347,prune,543,1,1,0
ecd8268a-e1d1-430d-a2bc-897055f04347,summary,546,6,2,2
ecd8268a-e1d1-430d-a2bc-897055f04347,prune,5125,1,1,0
f5320ff1-be05-45fb-9953-33af6db18268,prune,11830,1,1,0
f5320ff1-be05-45fb-9953-33af6db18268,summary,11833,23,10,4
f5320ff1-be05-45fb-9953-33af6db18268,summary,22136,8,2,0
fae09fbf-c8d7-4760-af42-e0b17638e151,summary,6075,12,5,3
fae09fbf-c8d7-4760-af42-e0b17638e151,summary,7438,7,3,4
fae09fbf-c8d7-4760-af42-e0b17638e151,summary,11387,5,2,3
fae09fbf-c8d7-4760-af42-e0b17638e151,summary,11866,6,2,2
fae09fbf-c8d7-4760-af42-e0b17638e151,summary,14519,4,1,0
fae09fbf-c8d7-4760-af42-e0b17638e151,summary,15778,7,3,1
fae09fbf-c8d7-4760-af42-e0b17638e151,summary,20272,6,1,1
fae09fbf-c8d7-4760-af42-e0b17638e151,summary,21296,7,4,2
fae09fbf-c8d7-4760-af42-e0b17638e151,summary,33024,13,7,0
fae09fbf-c8d7-4760-af42-e0b17638e151,summary,33453,3,1,1
fc9c6b67-a196-4ad2-bf38-48f904782745,prune,3102,1,1,1
fc9c6b67-a196-4ad2-bf38-48f904782745,summary,5047,14,6,3
fc9c6b67-a196-4ad2-bf38-48f904782745,summary,7841,10,5,3
fc9c6b67-a196-4ad2-bf38-48f904782745,summary,11551,9,3,1
fc9c6b67-a196-4ad2-bf38-48f904782745,summary,14927,14,6,3
fc9c6b67-a196-4ad2-bf38-48f904782745,summary,17514,4,1,1
fc9c6b67-a196-4ad2-bf38-48f904782745,summary,22300,3,1,0
fc9c6b67-a196-4ad2-bf38-48f904782745,summary,25496,4,1,0
fc9c6b67-a196-4ad2-bf38-48f904782745,summary,28300,4,1,0
fc9c6b67-a196-4ad2-bf38-48f904782745,summary,28304,1,0,0
fccb294e-d2f0-4bbe-8439-637f03aa087c,prune,2374,1,1,1
fccb294e-d2f0-4bbe-8439-637f03aa087c,prune,2376,1,1,1
4bcc372d-1ca9-4b23-8f31-c9963b32b3c4,prune,59,1,1,1
4bcc372d-1ca9-4b23-8f31-c9963b32b3c4,summary,68,11,5,2
4bcc372d-1ca9-4b23-8f31-c9963b32b3c4,summary,98,7,3,2
4bcc372d-1ca9-4b23-8f31-c9963b32b3c4,summary,123,14,5,3
4bcc372d-1ca9-4b23-8f31-c9963b32b3c4,prune,139,1,1,1
4bcc372d-1ca9-4b23-8f31-c9963b32b3c4,prune,152,1,1,2
4bcc372d-1ca9-4b23-8f31-c9963b32b3c4,summary,155,9,4,2
4bcc372d-1ca9-4b23-8f31-c9963b32b3c4,prune,164,1,1,2
4bcc372d-1ca9-4b23-8f31-c9963b32b3c4,summary,173,7,2,3
4bcc372d-1ca9-4b23-8f31-c9963b32b3c4,summary,184,5,2,2
4bcc372d-1ca9-4b23-8f31-c9963b32b3c4,summary,200,5,2,2
4bcc372d-1ca9-4b23-8f31-c9963b32b3c4,summary,215,9,3,3
4bcc372d-1ca9-4b23-8f31-c9963b32b3c4,summary,239,5,2,1
4bcc372d-1ca9-4b23-8f31-c9963b32b3c4,summary,254,1,0,0
4bcc372d-1ca9-4b23-8f31-c9963b32b3c4,summary,264,4,1,1
4bcc372d-1ca9-4b23-8f31-c9963b32b3c4,summary,294,4,1,1
4bcc372d-1ca9-4b23-8f31-c9963b32b3c4,summary,312,11,5,2
4bcc372d-1ca9-4b23-8f31-c9963b32b3c4,summary,322,4,1,1
4bcc372d-1ca9-4b23-8f31-c9963b32b3c4,summary,340,7,3,3
4bcc372d-1ca9-4b23-8f31-c9963b32b3c4,summary,350,4,1,2
4bcc372d-1ca9-4b23-8f31-c9963b32b3c4,summary,368,1,0,0
4bcc372d-1ca9-4b23-8f31-c9963b32b3c4,summary,384,3,1,1
4bcc372d-1ca9-4b23-8f31-c9963b32b3c4,prune,394,1,1,1
4bcc372d-1ca9-4b23-8f31-c9963b32b3c4,summary,397,8,3,1
4bcc372d-1ca9-4b23-8f31-c9963b32b3c4,summary,415,11,4,3
4bcc372d-1ca9-4b23-8f31-c9963b32b3c4,summary,468,3,1,1
4bcc372d-1ca9-4b23-8f31-c9963b32b3c4,prune,485,1,1,2
4bcc372d-1ca9-4b23-8f31-c9963b32b3c4,summary,505,22,12,3
4bcc372d-1ca9-4b23-8f31-c9963b32b3c4,summary,516,4,1,2
4bcc372d-1ca9-4b23-8f31-c9963b32b3c4,summary,541,8,4,1
4bcc372d-1ca9-4b23-8f31-c9963b32b3c4,summary,564,15,7,9
4bcc372d-1ca9-4b23-8f31-c9963b32b3c4,summary,578,7,3,4
4bcc372d-1ca9-4b23-8f31-c9963b32b3c4,prune,596,1,1,1
4bcc372d-1ca9-4b23-8f31-c9963b32b3c4,prune,598,1,1,1
4bcc372d-1ca9-4b23-8f31-c9963b32b3c4,summary,632,10,4,4
4bcc372d-1ca9-4b23-8f31-c9963b32b3c4,summary,648,10,2,1
4bcc372d-1ca9-4b23-8f31-c9963b32b3c4,summary,669,7,3,3
4bcc372d-1ca9-4b23-8f31-c9963b32b3c4,summary,693,1,0,0
4bcc372d-1ca9-4b23-8f31-c9963b32b3c4,summary,704,1,0,0
f90c794a-f384-4cac-b5d0-a9b9146f1d11,summary,108,18,7,2
f90c794a-f384-4cac-b5d0-a9b9146f1d11,summary,181,25,11,3
f90c794a-f384-4cac-b5d0-a9b9146f1d11,summary,219,26,12,2
f90c794a-f384-4cac-b5d0-a9b9146f1d11,summary,252,17,7,2
f90c794a-f384-4cac-b5d0-a9b9146f1d11,prune,268,1,1,0
f90c794a-f384-4cac-b5d0-a9b9146f1d11,summary,271,3,0,0
f90c794a-f384-4cac-b5d0-a9b9146f1d11,summary,286,5,2,0
f90c794a-f384-4cac-b5d0-a9b9146f1d11,summary,302,8,3,4
f90c794a-f384-4cac-b5d0-a9b9146f1d11,summary,323,6,2,2
f90c794a-f384-4cac-b5d0-a9b9146f1d11,summary,339,5,2,0
f90c794a-f384-4cac-b5d0-a9b9146f1d11,summary,361,11,4,1
f90c794a-f384-4cac-b5d0-a9b9146f1d11,summary,395,8,2,6
f90c794a-f384-4cac-b5d0-a9b9146f1d11,summary,436,17,8,4
f90c794a-f384-4cac-b5d0-a9b9146f1d11,summary,487,21,9,4
f90c794a-f384-4cac-b5d0-a9b9146f1d11,summary,515,13,4,0
f90c794a-f384-4cac-b5d0-a9b9146f1d11,summary,572,11,4,2
f90c794a-f384-4cac-b5d0-a9b9146f1d11,summary,625,14,6,0
f90c794a-f384-4cac-b5d0-a9b9146f1d11,summary,658,19,8,2
f90c794a-f384-4cac-b5d0-a9b9146f1d11,summary,709,11,4,2
4ba0c0e7-bf7c-4744-94bd-add5b5a20878,summary,99,18,8,4
4ba0c0e7-bf7c-4744-94bd-add5b5a20878,summary,156,28,12,6
4ba0c0e7-bf7c-4744-94bd-add5b5a20878,summary,191,17,7,3
7bae77bb-3c0e-4c05-96ba-4b1209d66c8b,summary,108,27,12,8
7bae77bb-3c0e-4c05-96ba-4b1209d66c8b,summary,154,15,6,5
7bae77bb-3c0e-4c05-96ba-4b1209d66c8b,prune,165,1,1,0
7bae77bb-3c0e-4c05-96ba-4b1209d66c8b,summary,179,3,0,0
7bae77bb-3c0e-4c05-96ba-4b1209d66c8b,summary,190,1,0,0
7bae77bb-3c0e-4c05-96ba-4b1209d66c8b,summary,202,8,6,0
cc991b84-204b-486f-b945-55a98e9110d0,prune,109,1,1,1
cc991b84-204b-486f-b945-55a98e9110d0,summary,112,33,19,11
cc991b84-204b-486f-b945-55a98e9110d0,summary,171,18,9,7
cc991b84-204b-486f-b945-55a98e9110d0,summary,208,21,9,7
cc991b84-204b-486f-b945-55a98e9110d0,summary,235,15,6,4
