basename,times_dropped,times_reread
document.xml,28,19
reporte_regresion_v2.docx,19,18
session.jsonl.zstd,83,17
session_cost.py,15,13
reporte_regresion_v4.docx,18,12
reporte_regresion_v3.docx,17,11
reporte_regresion.docx,18,10
index.js,29,9
omml.py,12,8
fix_v4.py,12,8
text_full.txt,15,8
reporte_regresion_v4.pdf,11,7
consultas.py,8,6
settings.yaml,8,5
README.md,24,5
session*.jsonl.zstd,13,5
cordis.patch.yml,8,4
llama-27b.log,10,4
v3common.py,6,4
build_rdf.py,6,4
proyecto_linked_data.md,4,4
Reporte_prediccion_empresarial_regresion_v2.docx,5,4
text_full_v3.txt,8,4
ingest.py,7,4
loadtest.log,5,3
.pdf,6,3
fix_d1c.py,5,3
reporte_regresion_v3.pdf,11,3
proyecto_bioinspirada.md,3,3
audit_reporte_v4_vs_orig.md,4,3
tables.txt,4,3
estadistica.pdf,5,3
session_cost_2026-09-18.log,6,3
compaction_census.py,3,3
*.yml,6,2
package.json,9,2
AGENTS.md,2,2
reporte_regresion_v2.pdf,3,2
*.docx,6,2
v4_vs_orig.py,7,2
v4check.txt,5,2
E_v3style.docx,2,2
fix_d1a.py,4,2
llama.cpp,3,2
cost_prefork.txt,3,2
embed.py,2,2
v4_struct_audit_report.txt,2,1
*.pdf,7,1
v4_extra.py,3,1
A_hide_d.docx,1,1
B_hide_f.docx,1,1
C_hide_x.docx,1,1
D_nohide_d.docx,1,1
F_hide_d_es.docx,1,1
E2_v3exact.docx,1,1
G_hide_d_subsup.docx,1,1
resultados_sparql.txt,2,1
research.py,1,1
item1.xml,3,1
document.xml.rels,4,1
anexo_actual.txt,2,1
session.v3.jsonl.zstd,8,1
.jsonl.zstd,3,1
cost_today.txt,2,1
compaction_failures_census.log,5,1
session_cost_2026-09-02_prefork.log,5,1
ingest_spark.log,3,1
01_explore.py,2,1
02_hough.py,2,1
probe_schema.py,2,1
census.py,2,1
session_census.csv,1,1
foro-metodologias-ti.md,1,0
agent.cordis.yml,3,0
*.cordis.yml,1,0
*.md,7,0
*.yaml,2,0
preset.yml,2,0
enable-pruner.yml,1,0
light.yml,2,0
cordis.yml,1,0
client.js,2,0
TurnUsagePanel.d.ts,1,0
message-chrome.d.ts,1,0
turn-metrics.d.ts,1,0
audit_full.txt,2,0
v4_struct_audit.py,4,0
.rels,2,0
.xml,1,0
*.py,2,0
*.sh,2,0
nograph.conf,2,0
x2t4.log,2,0
x2t2.log,1,0
x2t3.log,1,0
x2t_trace.log,1,0
pagina-04.jpg,1,0
pagina-*.jpg,1,0
pagina4_formula.png,1,0
test_*.docx,1,0
test_*.pdf,1,0
test_plain_sub.docx,1,0
test_plain_sub.pdf,2,0
test_ssub.docx,1,0
test_ssub.pdf,1,0
test_ssub_nowr.docx,1,0
test_ssup_nowr.pdf,1,0
test_sup.docx,1,0
test_sup.pdf,1,0
test_unicode_sub.docx,1,0
test_unicode_sub.pdf,1,0
test_vertalign.docx,1,0
test_vertalign.pdf,1,0
.docx,2,0
test_actual_page.png,2,0
test_correct_page.png,2,0
test_a.docx,1,0
test_actual.docx,1,0
test_actual.pdf,1,0
test_b.docx,1,0
test_c.docx,1,0
test_combined.docx,2,0
test_combined.pdf,2,0
test_combined_page.png,1,0
test_correct.docx,1,0
test_correct.pdf,1,0
test_d.docx,1,0
test_e.docx,1,0
test_f.docx,1,0
test_opt1_page.png,2,0
test_opt2_page.png,2,0
test_opt3_page.png,2,0
img_opt{i}.jpg,1,0
img_opt{i}.png,1,0
reporte_regresion*.docx,1,0
test_a*.pdf,1,0
test_b*.pdf,1,0
test_correct*.pdf,1,0
test_opt*.pdf,1,0
test_opt1.docx,1,0
test_opt1.pdf,1,0
test_opt2.docx,1,0
test_opt2.pdf,1,0
test_opt3.docx,1,0
test_opt3.pdf,1,0
test_formula.docx,2,0
test_formula.pdf,2,0
pdf_text.txt,1,0
extra_out.txt,2,0
main_out.txt,1,0
cordis*.yml,1,0
session.jsonl,1,0
plugin.json,1,0
compaction.md,1,0
fix_d1d.py,1,0
*.txt,5,0
v3check_1b.txt,11,0
v4check.pdf,1,0
v4pg-04.png,1,0
$f.docx,1,0
A_hide_d.pdf,2,0
D_nohide_d.pdf,1,0
build2.py,2,0
E2_v3exact.pdf,1,0
G_hide_d_subsup.pdf,1,0
fontmap.json,1,0
pyvenv.cfg,4,0
pkgs_$v.txt,1,0
pkgs_.venv.txt,1,0
pkgs_.venv312.txt,1,0
iamrap.html,1,0
fix_d1b.py,3,0
test_nary.py,3,0
narytest.txt,2,0
d1cpg-04.png,1,0
d1cpg-05.png,1,0
narytest.docx,3,0
d1cpg-*.png,1,0
rack.html,2,0
as1.json,1,0
bing.html,1,0
bing2.html,1,0
ddg.html,2,0
ddglite.html,1,0
meta_tour.html,1,0
searx_test.html,1,0
sx.json,1,0
ISOFV163_A8_Anexo.csv,2,0
graph.py,1,0
memory.py,1,0
anexo_texto.txt,3,0
*.csv,1,0
*.html,1,0
Reporte_prediccion_empresarial_regresion.docx,1,0
fix1_omml_operators.py,2,0
fix2_cover.py,3,0
fix3_remove_n40.py,2,0
parte1.py,1,0
+a*math.log,2,0
+b*math.log,2,0
a*math.log,1,0
b*math.log,1,0
math.log,1,0
intro.txt,1,0
audit_v4_vs_orig.py,3,0
paras.txt,3,0
[Content_Types].xml,1,0
app.xml,1,0
core.xml,1,0
stylesWithEffects.xml,1,0
thumbnail.jpeg,2,0
out.txt,1,0
reporte_regresion.pdf,1,0
default.docx,1,0
etecam.html,2,0
fix_d10.py,3,0
fix_d11.py,2,0
fix_d12.py,2,0
fix_d3.py,2,0
fix_d4.py,2,0
fix_d5.py,2,0
fix_d6.py,2,0
fix_d7.py,2,0
fix_d8.py,2,0
fix_d9.py,2,0
fix_d13.py,2,0
fix_d2.py,2,0
v3pg-05.png,1,0
v3check.txt,3,0
p4-04.png,1,0
narytest.pdf,2,0
narytest_streams.txt,1,0
*.json,1,0
h$i.txt,1,0
r$i.html,1,0
r1.html,1,0
r4.html,1,0
bing_headers.txt,1,0
bing_raw.html,1,0
bing_rss.xml,1,0
cj.txt,1,0
console.log,1,0
ddg_headers.txt,1,0
ddg_raw.html,1,0
m$i.html,1,0
probe_$1.html,1,0
probe_en1.html,1,0
probe_nomkt.html,1,0
probe_same1.html,1,0
probe_same2.html,1,0
probe_zzz.html,1,0
process.env,1,0
warm_en.html,1,0
warm_es.html,1,0
warm_home.html,1,0
warm_zh.html,1,0
readme.md,2,0
PROYECTO.md,2,0
PROJECT_TRUTH.md,2,0
*.log,1,0
img-000.png,1,0
anexo.txt,2,0
page-2.png,1,0
UVFIV031_A8_Anexo.pdf,1,0
regresion_anexo.py,2,0
solucion_anexo.py,2,0
comp_report.py,2,0
*.zstd,3,0
count_compaction.py,1,0
session_cost_2026-08-19_prefork.log,4,0
*.jsonl.zstd,2,0
persist_test.txt,1,0
$k.meta.json,1,0
$k.tree.json,2,0
.meta.json,1,0
.tree.json,1,0
qwen3-4b.tree.json,1,0
{sys.argv[1]}.tree.json,1,0
bge-m3.meta.json,1,0
e5-mistral.meta.json,1,0
meta.json,1,0
nomic-v15.meta.json,1,0
qwen3-4b.meta.json,1,0
qwen3-8b.meta.json,1,0
docker-compose*.yml,1,0
pgvector_limit_test.sql,2,0
version.py,1,0
config.json,1,0
modeling_utils.py,1,0
model.safetensors.index.json,1,0
03_average.py,3,0
04_video.py,2,0
03_average.jpg,2,0
*.ts,2,0
events.ts,1,0
*.js,3,0
plugins.md,1,0
surface.d.ts,1,0
